"Nome","Denominação","Pastor","Endereço","Bairro","Cidade","Estado","Telefone","Email","Latitude","Longitude","Observações","Cadastrado em","Cadastrado por"
"ADVEC Guarulhos","ADVEC","Pr Sergio Filho","Rua Guarulhos, 579","Gopoúva","Guarulhos","SP","11971636447","","-23.4538","-46.5333","","06/08/2026","Auto:Pr. Bernard - Zona 176"
"Igreja Corpus","Própria","Pra Tania e Pr Carlos","Rua Corina, 109","Jardim Madeirense","Guarulhos","SP","","","-23.4538","-46.5333","","06/08/2026","Auto:Pr. Bernard - Zona 176"
"A Casa da Rocha - Guarulho","Própria","Zé Bruno","Avenida Papa Pio XII, 195","Macedo","Guarulhos","SP","011956520227","","-23.4538","-46.5333","","06/08/2026","Auto:Pr. Bernard - Zona 176"
"Igreja boa notícia de Guarulhos","Própria","Pastor","Rua Claudino Barbosa, 132","Macedo","Guarulhos","SP","","","-23.4538","-46.5333","","06/08/2026","Auto:Pr. Bernard - Zona 176"
"Nasci Pra Deus","Própria","Nei Messias","Avenida Monteiro Lobato, 1522","Macedo","Guarulhos","SP","01149694545","","-23.4538","-46.5333","","06/08/2026","Auto:Pr. Bernard - Zona 176"
"Igreja Apresentando as Nações para cristo","Própria","Pastor","1027, Av. Monteiro Lobato, 965, 1027","Macedo","Guarulhos","SP","","","-23.4538","-46.5333","","06/08/2026","Auto:Pr. Bernard - Zona 176"
"Paróquia de Santo Antônio de Sant’Anna Galvão","Católica","Padre","Rua Bispo E Martins, 17","Jardim Keralux","São Paulo","SP","01122148384","","-23.4538","-46.5333","","06/08/2026","Auto:Pr. Bernard - Zona 176"
"Capela do Rosário - Igreja de Nossa Senhora do Rosário Mãe dos Homens Pretos e São Benedito","Católica","Padre","Praça do Rosário","Centro","Guarulhos","SP","01124092101","","-23.4538","-46.5333","","06/08/2026","Auto:Pr. Bernard - Zona 176"
"Igreja Messianica Mundial do Brasil","Messianica","Pastor","Rua Cabo Antônio Pereira da Silva, 829","Jardim Tranqüilidade","Guarulhos","SP","(11) 2229-0450","","-23.4538","-46.5333","","06/08/2026","Auto:Pr. Bernard - Zona 176"
"Johrei Center Guarulhos","Própria","","Alameda Tutóia, 363","Gopoúva","Guarulhos","SP","","","-23.4538","-46.5333","","06/08/2026","Auto:Pr. Bernard - Zona 176"
"Paróquia São Paulo Apóstolo","Católica","Padre","Rua Sarutaia, 537","Jardim São Paulo","Guarulhos","SP","","","-23.4538","-46.5333","","05/08/2026","Auto:Pr. Bernard - Zona 176"
"Paróquia São Roque","Católica","Padre","Avenida Monteiro Lobato, 3184","Vila Miriam","Guarulhos","SP","","","-23.4538","-46.5333","","05/08/2026","Auto:Pr. Bernard - Zona 176"
"Paróquia São Roque","Católica","Padre","Avenida Monteiro Lobato, 3184","Vila Miriam","Guarulhos","SP","","","-23.4538","-46.5333","","05/08/2026","Auto:Pr. Bernard - Zona 176"
"Assembleia de Deus Madureira (Sub Congregação)","Ass. Deus Madureira","Pastor","Rua Nicolau Falci, 22","Jardim Adriana","Guarulhos","SP","","","-23.4538","-46.5333","","05/08/2026","Auto:Pr. Bernard - Zona 176"
"Igreja Mundial do Poder de Deus","Mundial","Pastor","Avenida Benjamin Harris Hunnicutt, 1526","Portal dos Gramados","Guarulhos","SP","(11) 3488-3050","","-23.4538","-46.5333","","05/08/2026","Auto:Pr. Bernard - Zona 176"
"Paróquia Menino Jesus de Vila Rio","Católica","Padre","Rua Trajano de Morais, 55","Vila Itapoan","Guarulhos","SP","(11) 2457-1957","","-23.4538","-46.5333","","05/08/2026","Auto:Pr. Bernard - Zona 176"
"Igreja Evangélica Avivamento Bíblico","Avivamento Biblico","Pastor","Avenida Brigadeiro Faria Lima, 374","Cocaia","Guarulhos","SP","","","-23.4538","-46.5333","","05/08/2026","Auto:Pr. Bernard - Zona 176"
"Capela Santa Edwiges","Católica","Padre","Rua Vítor Costa, 17","Jardim Paraventi","Guarulhos","SP","","","-23.4538","-46.5333","","05/08/2026","Auto:Pr. Bernard - Zona 176"
"Capela São José (Paróquia N. S. Aparecida)","Católica","Padre","Avenida Gilberto Dini, 595","Jardim Bom Clima","Guarulhos","SP","(11) 2408-2996","","-23.4538","-46.5333","","05/08/2026","Auto:Pr. Bernard - Zona 176"
"Igreja Videira Guarulhos","Videira","Pastor","Avenida Papa Pio XII, 866","Macedo","Guarulhos","SP","(11) 94070-8034","","-23.4538","-46.5333","","05/08/2026","Auto:Pr. Bernard - Zona 176"
"Paróquia Nossa Senhora Aparecida","Católica","Padre","Avenida Tiradentes, 2504","Macedo","Guarulhos","SP","(11) 96328-0229","igreja@gmail.com","-23.4538","-46.5333","","05/08/2026","Auto:Pr. Bernard - Zona 176"
"Catedral Diocesana Nossa Senhora da Conceição","Católica","Padre","Praça Tereza Cristina, 1","Centro","Guarulhos","SP","(11) 2409-2101","diocese@gmail.com","-23.4538","-46.5333","","05/08/2026","Auto:Pr. Bernard - Zona 176"
"Igreja Batista  pimentas","","","Rua Pão de Açúcar, 8","Jardim dos Pimentas","Guarulhos","SP","","","-23.4538","-46.5333","","03/08/2026","Auto:Fernando -Zona 185"
"Nasci pra Deus","","","Rua Joaquim Moreira, 513","Parque São Miguel","Guarulhos","SP","","","-23.4538","-46.5333","","03/08/2026","Auto:Fernando -Zona 185"
"Igreja de Cristo pimentas","","","Rua Porto Alegre, 52","Parque Jandaia","Guarulhos","SP","","","-23.4538","-46.5333","","03/08/2026","Auto:Fernando -Zona 185"
"Igreja de Cristo pimentas","","","Rua Porto Alegre, 52","Parque Jandaia","Guarulhos","SP","","","-23.4538","-46.5333","","03/08/2026","Auto:Fernando -Zona 185"
"Igreja pentecostes MUP pimentas","","","Rua Gentio do Ouro, 281","Cidade Tupinambá","Guarulhos","SP","","","-23.4538","-46.5333","","03/08/2026","Auto:Fernando -Zona 185"
"Igreja evangelica Comunidade da Fe","","","Rua Victorino Bento Lorena da Silva, 263","Jardim Angélica","Guarulhos","SP","","","-23.4538","-46.5333","","03/08/2026","Auto:Fernando -Zona 185"
"Igreja evangélica  Família de Deus","","","Rua Feira Grande, 778","Jardim Brasil","Guarulhos","SP","","","-23.4538","-46.5333","","03/08/2026","Auto:Fernando -Zona 185"
"Ministerio Apostólico Semear","","","Rua 6, 43","Conjunto Marcos Freire","Guarulhos","SP","","","-23.4538","-46.5333","","03/08/2026","Auto:Fernando -Zona 185"
"Assembleia de Deus","Época de graca","","Rua Filomeno Bernie Mendes, 93","Jardim Angélica","Guarulhos","SP","","","-23.4538","-46.5333","","03/08/2026","Auto:Fernando -Zona 185"
"Igreja internacional da graça","","","Estrada Presidente Juscelino Kubitschek de Oliveira, 3009","Parque São Miguel","Guarulhos","SP","","","-23.4538","-46.5333","","03/08/2026","Auto:Fernando -Zona 185"
"Igreja universal","","","Estrada Presidente Juscelino Kubitschek de Oliveira, 2094","Parque São Miguel","Guarulhos","SP","","","-23.4538","-46.5333","","03/08/2026","Auto:Fernando -Zona 185"
"Assembleia de","Madureira","","Rua Jaboatão, 175","Jardim dos Pimentas","Guarulhos","SP","","","-23.4538","-46.5333","","03/08/2026","Auto:Fernando -Zona 185"
"Ministerio kharisma","","","Estrada Municipal, 124","Água Chata","Guarulhos","SP","","","-23.4538","-46.5333","","03/08/2026","Auto:Fernando -Zona 185"
"Igreja evangélica do poder de Deus","Visão internacional","","Avenida Circular, 145","Água Chata","Guarulhos","SP","","","-23.4538","-46.5333","","03/08/2026","Auto:Fernando -Zona 185"
"Igreja evangélica","","","Avenida Medeiros Neto, 125","Água Chata","Guarulhos","SP","","","-23.4538","-46.5333","","03/08/2026","Auto:Fernando -Zona 185"
"Assembleia de Deus","","","Avenida Medeiros Neto, 53","Água Chata","Guarulhos","SP","","","-23.4538","-46.5333","","03/08/2026","Auto:Fernando -Zona 185"
"Assembleia de Deus","Unidos por cristo","","Estrada Água Chata, 1101","Água Chata","Guarulhos","SP","","","-23.4538","-46.5333","","03/08/2026","Auto:Fernando -Zona 185"
"Assembleia de Deus","Congregação","","Rua Miguel Alves, 249","Água Chata","Guarulhos","SP","","","-23.4538","-46.5333","","03/08/2026","Auto:Fernando -Zona 185"
"Assembleia de Deus","Vila Dinamarca","","Estrada Água Chata, 3756","Água Chata","Guarulhos","SP","","","-23.4538","-46.5333","","03/08/2026","Auto:Fernando -Zona 185"
"Assembleia de Deus","Ministerio da reconciliação","","Estrada Água Chata, 872","Água Chata","Guarulhos","SP","","","-23.4538","-46.5333","","03/08/2026","Auto:Fernando -Zona 185"
"Assembleia de Deus","Para todas as Nacoes","","Rua André Paperini, 516","Jardim Angélica","Guarulhos","SP","","","-23.4538","-46.5333","","03/08/2026","Auto:Fernando -Zona 185"
"Assembleia de Deus","Belém","","Rua da Pátria, 14","Jardim Vermelhão","Guarulhos","SP","","","-23.4538","-46.5333","","03/08/2026","Auto:Fernando -Zona 185"
"Igreja pentecostes Jesus Cristo","Coluna de fogo","","Rua Belo Horizonte, 270","Parque Jandaia","Guarulhos","SP","","","-23.4538","-46.5333","","29/07/2026","Auto:Fernando -Zona 185"
"Comunidade cristã amai","","","Rua Porto Alegre, 174","Parque Jandaia","Guarulhos","SP","","comunidafecrista@gmail.com","-23.4538","-46.5333","","29/07/2026","Auto:Fernando -Zona 185"
"Igreja evangélica vidas em Cristo","","","Rua Belo Horizonte, 324","Parque Jandaia","Guarulhos","SP","","","-23.4538","-46.5333","","29/07/2026","Auto:Fernando -Zona 185"
"Igreja pentecostes Plder de Deus","","","Rua Belo Horizonte, 63","Parque Jandaia","Guarulhos","SP","","podededeus@gmail.com","-23.4538","-46.5333","","29/07/2026","Auto:Fernando -Zona 185"
"Igreja pentescostal Plenitude em Cristo","","","Rua João Pessoa, 237","Parque Jandaia","Guarulhos","SP","","plenitudecomdeus@gmail.com","-23.4538","-46.5333","","29/07/2026","Auto:Fernando -Zona 185"
"Igreja Restauração","","","Estrada Água Chata, 495","Água Chata","Guarulhos","SP","","igrejarestauracao@gmail.com","-23.4538","-46.5333","","29/07/2026","Auto:Fernando -Zona 185"
"ComunidadeEvangelica Liriosdo campo","","","Rua Padre Dorindo de Oliveira Matias, 122","Sítio São Francisco","Guarulhos","SP","","liriosdovampo@gmail.com","-23.4538","-46.5333","","29/07/2026","Auto:Fernando -Zona 185"
"Assembleia de Deus","Ministerio missões","","Rua Charles Miars Cooper, 190","Parque Maria Helena","Guarulhos","SP","","assembleiadedeusmissoes@gmail.com","-23.4538","-46.5333","","29/07/2026","Auto:Fernando -Zona 185"
"Igreja Petecostal Deus na terra","","","Rua Charles Miars Cooper, 185","Parque Maria Helena","Guarulhos","SP","","","-23.4538","-46.5333","","29/07/2026","Auto:Fernando -Zona 185"
"Tabernáculo Brasil para Cristo","","","Rua Malhador, 102","Parque Maria Helena","Guarulhos","SP","","tabernaculobrasil@gmail.com","-23.4538","-46.5333","","29/07/2026","Auto:Fernando -Zona 185"
"Igreja missão resgatado","Restaurando vidas","","Rua Macambira, 25","Parque Maria Helena","Guarulhos","SP","","restaurandovida@gmail.com","-23.4538","-46.5333","","29/07/2026","Auto:Fernando -Zona 185"
"Assembleia de Deus","Sao Rafael","","Avenida: Norte Sul, 267","Sítio São Francisco","Guarulhos","SP","","assembleiadedeussaoragael@gmail.com","-23.4538","-46.5333","","29/07/2026","Auto:Fernando -Zona 185"
"Igreja pentecostes Reino de Deus","","","Rua Marielle Francisco da Silva, 267","Sítio São Francisco","Guarulhos","SP","","igrejapentecostalreinodedeus@gmail.com","-23.4538","-46.5333","","29/07/2026","Auto:Fernando -Zona 185"
"Assembleia de Deus Belém","","","Rua Marielle Francisco da Silva, 415","Sítio São Francisco","Guarulhos","SP","","assembleiadedeusregiao49@gmail.com","-23.4538","-46.5333","","29/07/2026","Auto:Fernando -Zona 185"
"Assembleia de Deus","Madureira","","Rua Jardim Repouso São Francisco, 156","Parque Maria Helena","Guarulhos","SP","","asembleiadedeus49@gmail.com","-23.4538","-46.5333","","29/07/2026","Auto:Fernando -Zona 185"
"Igreja Batista Agape","","","Rua jardim repouso são francisco, 70","Bairro dos pimentas","Guerulhos","SP","","ibapagape@gmail.com","-23.4538","-46.5333","","29/07/2026","Auto:Fernando -Zona 185"
"Assembleia de Deus","Sao Mateus","","Rua  Seis , 43","Parque Brasília","Guarulhos","SP","11947289047","assem.leiasaomateus@gmail.com","-23.4538","-46.5333","","28/07/2026","Auto:Fernando -Zona 185"
"Assembleia de Deus","Sao Mateus","","Rua  Seis , 43","Parque Brasília","Guarulhos","SP","11947289047","assem.leiasaomateus@gmail.com","-23.4538","-46.5333","","28/07/2026","Auto:Fernando -Zona 185"
"Assembleia de Deus","Ipiranga","","Rua Mirabela, 376","Cidade Parque Brasília","Guarulhos","SP","","assembleiaipiranga@gmail.com","-23.4538","-46.5333","","28/07/2026","Auto:Fernando -Zona 185"
"Mknisterio Alvo","","","Rua Mirabela, 64","Cidade Parque Brasília","Guarulhos","SP","","ministerioalvo@gmail.com","-23.4538","-46.5333","","28/07/2026","Auto:Fernando -Zona 185"
"Gerados pela Palavra","","","Rua Felisburgo, 323","Cidade Parque Alvorada","Guarulhos","SP","","gerados@gmail.com","-23.4538","-46.5333","","28/07/2026","Auto:Fernando -Zona 185"
"Tabernáculo o Brasil para Cristo","","","Rua Santa Maria do salto , 323","Parque das Nações","Guarulhos","SP","","","-23.4538","-46.5333","","28/07/2026","Auto:Fernando -Zona 185"
"Des e amor","","","Rua Sete , 41","Parque Brasília","Guarulhos","SP","","deseamor.brasili@gmail.com","-23.4538","-46.5333","","28/07/2026","Auto:Fernando -Zona 185"
"Des e amor","","","Rua Sete , 41","Parque Brasília","Guarulhos","SP","","deseamor.brasili@gmail.com","-23.4538","-46.5333","","28/07/2026","Auto:Fernando -Zona 185"
"O Brasil para cristo","","","Rua Berilo, 269","Cidade Parque Brasília","Guarulhos","SP","","brasilparacrisro1@gmail.com","-23.4538","-46.5333","","28/07/2026","Auto:Fernando -Zona 185"
"Assembleiade Deus  montes das Oliveiras","","","Rua Capelinha, 266","Cidade Parque Brasília","Guarulhos","SP","","montedasoliveiras@gmail.com","-23.4538","-46.5333","","28/07/2026","Auto:Fernando -Zona 185"
"Assembleiade Deus  montes das Oliveiras","","","Rua Capelinha, 266","Cidade Parque Brasília","Guarulhos","SP","","montedasoliveiras@gmail.com","-23.4538","-46.5333","","28/07/2026","Auto:Fernando -Zona 185"
"Igreja Hedeiros do Amor  de Deus","","","Rua Francisco Badaró, 266","Cidade Parque Alvorada","Guarulhos","SP","","herdeirosde.Deus.@gmail.com","-23.4538","-46.5333","","28/07/2026","Auto:Fernando -Zona 185"
"Asssembleia de Deus","Manancial do Avivamento","","Rua Santo da Divisa , 178","Parque Alvorada","Guarulhos","SP","11947289047","assembleiamanacial@gmail.com","-23.4538","-46.5333","","28/07/2026","Auto:Fernando -Zona 185"
"Asssembleia de Deus","Manancial do Avivamento","","Rua Santo da Divisa , 178","Parque Alvorada","Guarulhos","SP","11947289047","assembleiamanacial@gmail.com","-23.4538","-46.5333","","28/07/2026","Auto:Fernando -Zona 185"
"Igreja missão Profética luz para as Nações","","","Av. Sabtana do mundau , 18","Parque Alvorada","Guarulhos","SP","","missaoprofeticaluz@gmail.com","-23.4538","-46.5333","","22/07/2026","Auto:Fernando -Zona 185"
"Igeja Batista  Filadélfia renovada","Batista","","Av. Santana do Mundai, 90","Parque Alvorada","Guarulhos","SP","","igrejabatistafiladlfia@gmail.com","-23.4538","-46.5333","","22/07/2026","Auto:Fernando -Zona 185"
"Igreja Jesus Cristo e a Coluna de Fogo","","","Av. Santana do mundau, 246","Parque Alvorada","Guarulhos","SP","","jesuseacolunadefogo@gmail.com","-23.4538","-46.5333","","22/07/2026","Auto:Fernando -Zona 185"
"Ass","Ministério Restauração dos Vasos","","Av. Sabtana do mundau , 296","Parque Alvorada","Guarulhos","SP","","restauracaodosvasos@gmail.com","-23.4538","-46.5333","","22/07/2026","Auto:Fernando -Zona 185"
"Assembleia de Deus","Belem","","Av. Santana  do mundau, 720","Parque Alvorada","Guarulhos","SP","","assembleiadedejs@gmai.com","-23.4538","-46.5333","","22/07/2026","Auto:Fernando -Zona 185"
"Igreja Jesus Cristo e o caminho a verdade e a vida","Ministério alvorada","","Rua Santana do mundai , 1152","Parque Alvorada","Guarulhos","SP","","jesusverdadeeavida@gmail.com","-23.4538","-46.5333","","22/07/2026","Auto:Fernando -Zona 185"
"Igreja Evangélica de Jesus Cristo","","","Rua : Santana do mundai , 1175","Parque Alvorada","Guarulhos","SP","","igjjc@gmail.com","-23.4538","-46.5333","","22/07/2026","Auto:Fernando -Zona 185"
"Assembleia de Deus","Casa de Oração","","Rua: José da Lage , 1568","Parque Alvorada","Guarulhos","SP","","casadeoracao@gmail.com","-23.4538","-46.5333","","22/07/2026","Auto:Fernando -Zona 185"
"Assembleia de Deus","Adsa","","Rua: Medina , 130","Parque Alvorad","Guarulhos","SP","","Adsa@gmail.com","-23.4538","-46.5333","","22/07/2026","Auto:Fernando -Zona 185"
"Igreja Poder da Palavra","Poder da palavra","","Rua: Jacinto, 347","Parque Alvorada","Guarulhos","SP","","poderdapalavra@gmail.com","-23.4538","-46.5333","","22/07/2026","Auto:Fernando -Zona 185"
"Comunidade do Povo de Deus Atalaia","CNDB","","Rua : Jacinto, 239","Parque Alvorada","GUARULHOS","SP","","comunidadecndb@gmail.com","-23.4538","-46.5333","","22/07/2026","Auto:Fernando -Zona 185"
"I maior amor","","","Av ítalo brasileiro piva, 98","Picanço","Guarulhos","SP","","","-23.4538","-46.5333","","17/07/2026","Auto:Silvio - Zona 278"
"Ministério aliança","Ministério aliança","","Muribeca, 193","Pimentas","Guarulhos","SP","11","ministerioalianca@gmail.com","-23.4538","-46.5333","","17/07/2026","Auto:Fernando -Zona 185"
"Igreja","Igreja Pentecostal Casa do Senhor Jesus","","Rua Edson de Souza , 212","","","SP","","","-23.4538","-46.5333","","14/07/2026","Auto:Jefferson - Zona 393"
"Igreja","Batista em vila valeria","","Rua Adalberto Junho , 2","Jd Valéria","Guarulhos","SP","","","-23.4538","-46.5333","Culto começa às 19hs","12/07/2026","Auto:Jefferson - Zona 393"
"Igreja","Assembleia de Deus Reino de Deus","","Av. Rosa Molina Pannocchia, 444","Jd Valéria","Guarulhos","SP","","","-23.4538","-46.5333","","12/07/2026","Auto:Jefferson - Zona 393"
"Igreja","Assembleia de Deus Reino de Deus","","Av. Rosa Molina Pannocchia, 444","Jd Valéria","Guarulhos","SP","","","-23.4538","-46.5333","","12/07/2026","Auto:Jefferson - Zona 393"
"Igreja","Assembleia de Deus Reino de Deus","","Av. Rosa Molina Pannocchia, 444","Jd Valéria","Guarulhos","SP","","","-23.4538","-46.5333","","12/07/2026","Auto:Jefferson - Zona 393"
"Igreja","Congregação Cristã no Brasil","","Rua Bandeira Paulista , 146","","","SP","","","-23.4538","-46.5333","","12/07/2026","Auto:Jefferson - Zona 393"
"Igreja","Assembleia de Deus Madureira","","São Sebastião do Alto, 170","","","SP","","","-23.4538","-46.5333","","12/07/2026","Auto:Jefferson - Zona 393"
"Igreja","Lâmpada para os meus pés e luz para o meu caminho e a tua palavra","","Rua Cachoeira 2278","","","SP","","","-23.4538","-46.5333","","12/07/2026","Auto:Jefferson - Zona 393"
"Igreja","Lâmpada para os meus pés e luz para o meu caminho é a tua palavra","","Rua Cachoeira 2278","","","SP","","","-23.4538","-46.5333","","12/07/2026","Auto:Jefferson - Zona 393"
"Igreja","Comunidade de Cristo","","Angra dos Reis , 58","","","SP","","","-23.4538","-46.5333","","12/07/2026","Auto:Jefferson - Zona 393"
"Igreja","Assembleia de Deus Ministério Moreira","Pr Denis","Av Alexandre Grandisoli, 161","","","SP","","","-23.4538","-46.5333","","12/07/2026","Auto:Jefferson - Zona 393"
"Igreja","3 poderes","Pr Fernando","Rua Helena Machado dos Santos , 68","","","SP","","","-23.4538","-46.5333","","12/07/2026","Auto:Jefferson - Zona 393"
"Igreja","Pentecostal templo de adoração","","Rua São Pedro da Aldeia, 30","","","SP","","","-23.4538","-46.5333","Culto Domingo de Manhã","12/07/2026","Auto:Jefferson - Zona 393"
"Igreja","Assembleia de Deus da missao","","Avenida Benjamin Harris Hunnicutt, 186","","","SP","","","-23.4538","-46.5333","","12/07/2026","Auto:Jefferson - Zona 393"
"Igreja","Assembleia Madureira","","Rua Abata , 12","","","SP","","","-23.4538","-46.5333","","12/07/2026","Auto:Jefferson - Zona 393"
"Igreja","Somos Morada","","Rua Edson de Souza , 943","","","SP","","","-23.4538","-46.5333","","12/07/2026","Auto:Jefferson - Zona 393"
"Igreja","Marchando para a glória","","Rua Edson de Souza , 601","","","SP","","","-23.4538","-46.5333","","12/07/2026","Auto:Jefferson - Zona 393"
"Igreja","Aliança com Deus","","Rua Edson de Souza , 417","","","SP","","","-23.4538","-46.5333","","12/07/2026","Auto:Jefferson - Zona 393"
"Igreja","Pentecostal Divino Jesus","","Av Ítalo Brasileiro Piva , 199","","","SP","","","-23.4538","-46.5333","","12/07/2026","Auto:Jefferson - Zona 393"
"Igreja","Yeshua Churc","","Timóteo Penteado , 2280","","","SP","","","-23.4538","-46.5333","","12/07/2026","Auto:Jefferson - Zona 393"
"Igreja","Yeshua Churc","","Timóteo Penteado , 2280","","","SP","","","-23.4538","-46.5333","","12/07/2026","Auto:Jefferson - Zona 393"
"Igreja","Maior Amor","","Av. Ítalo Brasileiro Piva, 98","Picanço","Guarulhos","SP","","","-23.4538","-46.5333","Culto aos domingos as 18hs","12/07/2026","Auto:Jefferson - Zona 393"
"Assembleia de Deus Belém","","","Rua Cachoeira , 365","Picanço","Guarulhos","SP","","","-23.4538","-46.5333","","12/07/2026","Auto:Jefferson - Zona 393"
"teste","tesdte","tes","Rua Lázaro de Almeida Campos, 805","Parque Mikail","Guarulhos","SP","","","-23.4538","-46.5333","","07/07/2026","Autocadastro"
"I evangelica monte de adoração","Pentecostal","","Alameda Yaya , 640","Vila ayda","Guarulhos","SP","","","-23.4538","-46.5333","","06/07/2026","Auto:Silvio - Zona 278"
"IDE comunidade","Pentecostal","","Alameda Yaya , 1159","Vila ayda","Guarulhos","SP","","ssilvio1912@gmail.com","-23.4538","-46.5333","","06/07/2026","Auto:Silvio - Zona 278"
"Vida e luz","","","Cachoeira , 1993","Rosa de França","Guarulhos","SP","","vida@gmail.com","-23.4538","-46.5333","","06/07/2026","Auto:Pr. Bernard - Zona 176"
"Vida e luz","","","Cachoeira , 1993","Rosa de França","Guarulhos","SP","","vida@gmail.com","-23.4538","-46.5333","","06/07/2026","Auto:Pr. Bernard - Zona 176"
"Ceifeiros de cristo","Pentecostal","","Reinaldo Cesar de Oliveira , 286","Rosa de França","","SP","","ceiwiro@gmail.com","-23.4538","-46.5333","","06/07/2026","Auto:Pr. Bernard - Zona 176"
"Ceifeiros de cristo","Pentecostal","","Reinaldo Cesar de Oliveira , 286","Rosa de França","","SP","","ceiwiro@gmail.com","-23.4538","-46.5333","","06/07/2026","Auto:Pr. Bernard - Zona 176"
"Crista City","","","Rua prefeito rinaldo poli, 64","Jardim City","Guarulhos","SP","","city@gmail.com","-23.4538","-46.5333","","06/07/2026","Auto:Pr. Bernard - Zona 176"
"Crista City","","","Rua prefeito rinaldo poli, 64","Jardim City","Guarulhos","SP","","city@gmail.com","-23.4538","-46.5333","","06/07/2026","Auto:Pr. Bernard - Zona 176"
"Missão betel","","","Benjamim Harris hunicutt , 96","Vila Rio de Janeiro","Guarulhos","SP","","missao@gmail.com","-23.4538","-46.5333","","06/07/2026","Auto:Pr. Bernard - Zona 176"
"Missão betel","","","Benjamim Harris hunicutt , 96","Vila Rio de Janeiro","Guarulhos","SP","","missao@gmail.com","-23.4538","-46.5333","","06/07/2026","Auto:Pr. Bernard - Zona 176"
"Assembleia de Deus","","","Taguai, 173","Vila Rio de Janeiro","Guarulhos","SP","","assembleia@gmail.com","-23.4538","-46.5333","","06/07/2026","Auto:Pr. Bernard - Zona 176"
"Assembleia de Deus","","","Taguai, 173","Vila Rio de Janeiro","Guarulhos","SP","","assembleia@gmail.com","-23.4538","-46.5333","","06/07/2026","Auto:Pr. Bernard - Zona 176"
"Yescha church","","Sandro","Timóteo penteado , 2280","Vila hulda","Guarulhos","SP","","yechua@gmail.com","-23.4538","-46.5333","","06/07/2026","Auto:Pr. Bernard - Zona 176"
"Nosso lugar","Churchu","","Timóteo penteado , 885","Vila hulda","Guarulhos","SP","","nosso@gmail.com","-23.4538","-46.5333","","06/07/2026","Auto:Pr. Bernard - Zona 176"
"Relatando nações","Pentecostal","Rosana","Natingyi, 102","Parque Santo antonio","Guarulhos","SP","","resgatando@gmail.com","-23.4538","-46.5333","","06/07/2026","Auto:Pr. Bernard - Zona 176"
"Relatando nações","Pentecostal","Rosana","Natingyi, 102","Parque Santo antonio","Guarulhos","SP","","resgatando@gmail.com","-23.4538","-46.5333","","06/07/2026","Auto:Pr. Bernard - Zona 176"
"Almas restauradas","Pentecostal","","Rua Edson , 132","Parque Santo antonio","Guarulhos","SP","","almas@gmail.com","-23.4538","-46.5333","","06/07/2026","Auto:Pr. Bernard - Zona 176"
"Almas restauradas","Pentecostal","","Rua Edson , 132","Parque Santo antonio","Guarulhos","SP","","almas@gmail.com","-23.4538","-46.5333","","06/07/2026","Auto:Pr. Bernard - Zona 176"
"Assembleia de Deus","","","Avenida benjamim Harris hunicutt, 1566","Vila Rio de Janeiro","Guarulhos","SP","","assembleia@gmail.com","-23.4538","-46.5333","","06/07/2026","Auto:Pr. Bernard - Zona 176"
"Assembleia de Deus","","","Avenida benjamim Harris hunicutt, 1566","Vila Rio de Janeiro","Guarulhos","SP","","assembleia@gmail.com","-23.4538","-46.5333","","06/07/2026","Auto:Pr. Bernard - Zona 176"
"Restauração divina","","","Av. Rosa molina pannocia, 330","Vila Rio de Janeiro","Guarulhos","SP","","restauracao@gmail.com","-23.4538","-46.5333","","06/07/2026","Auto:Pr. Bernard - Zona 176"
"Restauração divina","","","Av. Rosa molina pannocia, 330","Vila Rio de Janeiro","Guarulhos","SP","","restauracao@gmail.com","-23.4538","-46.5333","","06/07/2026","Auto:Pr. Bernard - Zona 176"
"Assembleia de Deus","Madureira","","Rua sao Carlos do ivai, 102","Vila Rio de Janeiro","Guarulhos","SP","","Madureira@gmail.com","-23.4538","-46.5333","","06/07/2026","Auto:Pr. Bernard - Zona 176"
"Assembleia de Deus","Madureira","","Rua sao Carlos do ivai, 102","Vila Rio de Janeiro","Guarulhos","SP","","Madureira@gmail.com","-23.4538","-46.5333","","06/07/2026","Auto:Pr. Bernard - Zona 176"
"Aliança com cristo","","","Itauna do Sul , 53","Vila Rio de Janeiro","Guarulhos","SP","","alianca@gmail.com","-23.4538","-46.5333","","06/07/2026","Auto:Pr. Bernard - Zona 176"
"Comunidade em Cristo","Pentecostal","","Avenida benjamim Harris hunicutt, 524","Vila Rio de Janeiro","Guarulhos","SP","","comunidade@gmail.com","-23.4538","-46.5333","","06/07/2026","Auto:Pr. Bernard - Zona 176"
"Comunidade em Cristo","Pentecostal","","Avenida benjamim Harris hunicutt, 524","Vila Rio de Janeiro","Guarulhos","SP","","comunidade@gmail.com","-23.4538","-46.5333","","06/07/2026","Auto:Pr. Bernard - Zona 176"
"Comunidade em Cristo","Pentecostal","","Avenida benjamim Harris hunicutt, 524","Vila Rio de Janeiro","Guarulhos","SP","","comunidade@gmail.com","-23.4538","-46.5333","","06/07/2026","Auto:Pr. Bernard - Zona 176"
"Somos filhos","Schurch","","Rua sítio novo Goiás , 294","Vila Rio de Janeiro","Guarulhos","SP","","somosfilhos@gmail.com","-23.4538","-46.5333","","06/07/2026","Auto:Pr. Bernard - Zona 176"
"Somos filhos","Schurch","","Rua sítio novo Goiás , 294","Vila Rio de Janeiro","Guarulhos","SP","","somosfilhos@gmail.com","-23.4538","-46.5333","","06/07/2026","Auto:Pr. Bernard - Zona 176"
"Mintre","","","Timóteo penteado , 1059","Vila Silveira","Guarulhos","SP","","mintre@gmail.com","-23.4538","-46.5333","","26/06/2026","Auto:Pr. Bernard - Zona 176"
"Assembleia de Deus","","","Octacilio malheiros , 96","Gopouva","Guarulhos","SP","","","-23.4538","-46.5333","","26/06/2026","Auto:Pr. Bernard - Zona 176"
"Caminhando para Jerusalém","Pentecostal","","Octacilio malheiros , 161","Jardim dourado","Guarulhos","SP","","caminhando@gmail.com","-23.4538","-46.5333","","26/06/2026","Auto:Pr. Bernard - Zona 176"
"Cristo é real","","","Alameda Amélia , 139","Gopouva","Guarulhos","SP","","cristoreal@gmail.com","-23.4538","-46.5333","","26/06/2026","Auto:Pr. Bernard - Zona 176"
"Congrecao crista","","","Madame curie, 551","Leda","Guarulhos","SP","","congrecao@gmail.com","-23.4538","-46.5333","","26/06/2026","Auto:Pr. Bernard - Zona 176"
"Ministério senhor Jesus","","","Madame curie","Gopouva","Guarulhos","SP","","sernhorjesus@gmail.com","-23.4538","-46.5333","","26/06/2026","Auto:Pr. Bernard - Zona 176"
"Ministério ser filho","","","Madame curie , 1248","Sao ricardo","Guarulhos","SP","","serfilho@gmail.com","-23.4538","-46.5333","","26/06/2026","Auto:Pr. Bernard - Zona 176"
"Metodista wesleyana","","","Alameda tutoia, 446","Gopouva","Guarulhos","SP","","wesleiana@gmail.com","-23.4538","-46.5333","","26/06/2026","Auto:Pr. Bernard - Zona 176"
"Avivamento bíblico","","","Rua Ceará , 114","Picanco","Guarulhos","SP","1142311017","avivamento@gmail.com","-23.4538","-46.5333","","26/06/2026","Auto:Pr. Bernard - Zona 176"
"Unidos em Cristo","Pentecostal","Adalberto","Sergio rabelo , 279","Sao judas Tadeu","Guarulhos","SP","","unidos@gmail.com","-23.4538","-46.5333","","26/06/2026","Auto:Pr. Bernard - Zona 176"
"Almas restauradas","Pentecostal","","Rua Edson , 132","","Guarulhos","SP","1124432395","almas@gmail.com","-23.4538","-46.5333","","26/06/2026","Auto:Pr. Bernard - Zona 176"
"O Senhor proverá","","","Alameda aida , 62","Gopouva","Guarulhos","SP","","","-23.4538","-46.5333","","26/06/2026","Auto:Pr. Bernard - Zona 176"
"Monte da adoração","","","Alameda yaya , 640","Gopouva","Guarulhos","SP","","yaya@gmail.com","-23.4538","-46.5333","","26/06/2026","Auto:Pr. Bernard - Zona 176"
"Lírio dos vales","Petencostal","","Cachoeira , 2398","Picanco","Guarulhos","SP","","cachoeira@gmail.com","-23.4538","-46.5333","","26/06/2026","Auto:Pr. Bernard - Zona 176"
"Ministério da palavra","Assembleia","Douglas dos Santos","Av Aracaju , 576","Jardim Santa Rita Taboão","Guarulhos","SP","11943278613","zaccharodouglas@gmail.com","-23.4538","-46.5333","","24/06/2026","Auto:Pr. Jorge - Zona 393"
"Ministério da palavra","Assembleia","Douglas dos Santos","Av Aracaju , 576","Jardim Santa Rita Taboão","Guarulhos","SP","11943278613","zaccharodouglas@gmail.com","-23.4538","-46.5333","","24/06/2026","Auto:Pr. Jorge - Zona 393"
"Ministério da palavra","Assembleia","Douglas dos Santos","Av Aracaju , 567","Jardim Santa Rita Taboão","Guarulhos","SP","11943278613","ministeriopalavra800@gmai","-23.4538","-46.5333","","24/06/2026","Auto:Pr. Jorge - Zona 393"
"Ministério da palavra","Assembleia","Douglas dos Santos","Av Aracaju , 567","Jardim Santa Rita Taboão","Guarulhos","SP","11943278613","ministeriopalavra800@gmai","-23.4538","-46.5333","","24/06/2026","Auto:Pr. Jorge - Zona 393"
"Ministério da palavra","Assembleia","Douglas dos Santos","Av Aracaju , 567","Jardim Santa Rita Taboão","Guarulhos","SP","11943278613","ministeriopalavra800@gmai","-23.4538","-46.5333","","24/06/2026","Auto:Pr. Jorge - Zona 393"
"Igreja","Assembleia de Deus smpta","Evangelista Edmilson","Rua Benedito Valadares ribeiro , 591","Jd Cumbica","Guarulhos","SP","11998450895","igrejaevangelica@hotmail","-23.4538","-46.5333","","18/06/2026","Auto:Nilson - Zona 395"
"Valentes dedavi","Pentecostal","","Cachoeira , 180 1b","Moreira","Guarulhos","SP","","cachoeira@gmail.com","-23.4538","-46.5333","","18/06/2026","Auto:Pr. Bernard - Zona 176"
"Bereana","","","Cachoeira , 2263","Moreira","Guarulhos","SP","1159078999","cachoeira@gmail.com","-23.4538","-46.5333","","18/06/2026","Auto:Pr. Bernard - Zona 176"
"Avivamento bíblico","","","Cachoeira , 1257","Moreira","Guarulhos","SP","","cachoeira@gmail.com","-23.4538","-46.5333","","18/06/2026","Auto:Pr. Bernard - Zona 176"
"Vida e luz","Pentecostal","","Rua cachoeira , 1993","Moreira","Guarulhos","SP","1129370708","choeira@gmail.com","-23.4538","-46.5333","","18/06/2026","Auto:Pr. Bernard - Zona 176"
"Rama","","","Jose Marques leal, 103","Moreira","Guarulhos","SP","11995953949","josemarquesleal@gmail.com","-23.4538","-46.5333","","18/06/2026","Auto:Pr. Bernard - Zona 176"
"Rama","","","Jose Marques leal, 103","Moreira","Guarulhos","SP","11995953949","josemarquesleal@gmail.com","-23.4538","-46.5333","","18/06/2026","Auto:Pr. Bernard - Zona 176"
"Rama","","","Jose Marques leal, 103","Moreira","Guarulhos","SP","11995953949","josemarquesleal@gmail.com","-23.4538","-46.5333","","18/06/2026","Auto:Pr. Bernard - Zona 176"
"Rama","","","Jose Marques leal, 103","Moreira","Guarulhos","SP","11995953949","josemarquesleal@gmail.com","-23.4538","-46.5333","","18/06/2026","Auto:Pr. Bernard - Zona 176"
"Makarios","Churchu","","Treze de maio , 569","","Guarulhos","SP","1195076993","makarios@gmail.com","-23.4538","-46.5333","","18/06/2026","Auto:Pr. Bernard - Zona 176"
"Primeira igreja Batista","Batista","","Ouvidor , 248","Dourado","Guarulhos","SP","11959560309","ouvidor@gmail.com","-23.4538","-46.5333","","18/06/2026","Auto:Pr. Bernard - Zona 176"
"Primeira igreja Batista","Batista","","Ouvidor , 248","Dourado","Guarulhos","SP","11959560309","ouvidor@gmail.com","-23.4538","-46.5333","","18/06/2026","Auto:Pr. Bernard - Zona 176"
"Primeira igreja Batista","Batista","","Ouvidor , 248","Dourado","Guarulhos","SP","11959560309","ouvidor@gmail.com","-23.4538","-46.5333","","18/06/2026","Auto:Pr. Bernard - Zona 176"
"AD. Bras","Assembleia Madureira","","Timoteo penteado 2527","Picanco","Guarulhos","SP","","timoteopenteado@gmail.com","-23.4538","-46.5333","","18/06/2026","Auto:Pr. Bernard - Zona 176"
"Nova dimensão","Batista","","Timoteo penteado , 501","Picanco","Guarulhos","SP","1124403768","timoteopenteado@gmail.com","-23.4538","-46.5333","","18/06/2026","Auto:Pr. Bernard - Zona 176"
"Família de baixo da graça","","","Timoteo penteado 4118, 4188","Picanco","Guarulhos","SP","110000000","timoteopenteado@gmail.com","-23.4538","-46.5333","","18/06/2026","Auto:Pr. Bernard - Zona 176"
"Assembleia de Deus","Assembleia","@Timóteo penteado","Avenida doutor timoteo penteado , 4870","Picanco","Guarulhos","SP","1122423260","timoteopenteado@gmail.com","-23.4538","-46.5333","","18/06/2026","Auto:Pr. Bernard - Zona 176"
"A grande comissão","","Julio","Centro Guarulhos","Centro Guarulhos","","SP","","julio@gmail.com","-23.4538","-46.5333","","12/06/2026","Auto:Pr. Bernard - Zona 176"
"Armagedon","Pentecostal","Pra keila","Heloisa","Gopouva","","SP","","keila@gmail.com","-23.4538","-46.5333","","12/06/2026","Auto:Pr. Bernard - Zona 176"
"Igreja Paz e Vida Guarulhos","Paz e Vida","Ednilson","Avenida Guarulhos, 80","Vila Vicentina","Guarulhos","SP","(11) 4489-1230","pazevidaguarulhos@gmail.com","-23.4538","-46.5333","","08/06/2026","Auto:Pr. Bernard - Zona 176"
"Igreja Paz e Vida Guarulhos","Paz e Vida","Ednilson","Avenida Guarulhos, 80","Vila Vicentina","Guarulhos","SP","(11) 4489-1230","pazevidaguarulhos@gmail.com","-23.4538","-46.5333","","08/06/2026","Auto:Pr. Bernard - Zona 176"
"Igreja Cristo para todos ","Comunidade ","Pra Rosana ","Rua Cachoeira , 2158","Jd Rosa de Franca ","Guarulhos ","SP","11 95746-4240","","-23.4538","-46.5333","","08/06/2026","Auto:Jefferson - Zona 393"
"Igreja evangélica pentecostal Comunidade de Cristo ","Comunidade ","Missionário Hugo ","R. Nahomi Harada Ribeiro, 419","Jd Las Vegas ","Guarulhos ","SP","11 99484-6581","","-23.4538","-46.5333","","08/06/2026","Auto:Jefferson - Zona 393"
"Igreja evangélica pentecostal Comunidade de Cristo ","Comunidade ","Missionário Hugo ","R. Nahomi Harada Ribeiro, 419","Jd Las Vegas ","Guarulhos ","SP","11 99484-6581","","-23.4538","-46.5333","","08/06/2026","Auto:Jefferson - Zona 393"
"Igreja batista do povo ","Batista ","Cantora","Rua Paulo Castaldelli , 122","Pq Continental 1","Guarulhos ","SP","55 11 94443-8560","","-23.4538","-46.5333","","08/06/2026","Auto:Jefferson - Zona 393"
"Igreja Pentecostal Clamor para todos os povos ","Pentecostal ","Líder Leonardo ","Rua Cachoeira , 2058","Jd Rosa de Franca ","Guarulhos ","SP","11985754089","","-23.4538","-46.5333","","07/06/2026","Auto:Jefferson - Zona 393"
"Igreja Batista da Lagoinha - Guarulhos","Lagoinha","Juliano Souza","Avenida Antônio de Souza, 779","Jardim Santa Francisca","Guarulhos","SP","(11) 96572-3608","lagoinhagru@gmail.com","-23.4538","-46.5333","","04/06/2026","Auto:Pr. Bernard - Zona 176"
"Vine Church Guarulhos","Vine","Pr André Silva","Avenida Papa Pio XII, 866","Macedo","Guarulhos","SP","(11) 96393-9152","vine@gmail.com","-23.4538","-46.5333","","04/06/2026","Auto:Pr. Bernard - Zona 176"
"Igreja Cristã da Família em Guarulhos","Propria","Pr Helio Banow","Rua Maria Lucinda, 30","Vila Zanardi","Guarulhos","SP","(11) 4307-5789","","-23.4538","-46.5333","","04/06/2026","Auto:Pr. Bernard - Zona 176"
"Primeira Igreja Batista Renovada de Guarulhos","Batista","Pastor","Alameda Tutóia, 363","Gopoúva","Guarulhos","SP","","igreja.batista.guarulhos@gmail.com","-23.4538","-46.5333","","04/06/2026","Auto:Pr. Bernard - Zona 176"
"Assembleia de Deus vitória do Senhor ","Assembleia ","Líder ","Rua José Carrinho , 157","Jd Gracinda ","Guarulhos ","SP","11947745723","","-23.4538","-46.5333","","01/06/2026","Auto:Jefferson - Zona 393"
"Assembleia de Deus vitória do Senhor ","Assembleia ","Líder ","Rua José Carrinho , 157","Jd Gracinda ","Guarulhos ","SP","11947745723","","-23.4538","-46.5333","","01/06/2026","Auto:Jefferson - Zona 393"
"Assembleia de Deus vitória do Senhor ","Assembleia ","Líder ","Rua José Carrinho , 157","Jd Gracinda ","Guarulhos ","SP","11947745723","","-23.4538","-46.5333","","01/06/2026","Auto:Jefferson - Zona 393"
"Assembleia de Deus vitória do Senhor ","Assembleia ","Líder ","Rua José Carrinho , 157","Jd Gracinda ","Guarulhos ","SP","11947745723","","-23.4538","-46.5333","","01/06/2026","Auto:Jefferson - Zona 393"
"Assembleia de Deus vitória do Senhor ","Assembleia ","Líder ","Rua José Carrinho , 157","Jd Gracinda ","Guarulhos ","SP","11947745723","","-23.4538","-46.5333","","01/06/2026","Auto:Jefferson - Zona 393"
"Assembleia de Deus vitória do Senhor ","Assembleia ","Líder ","Rua José Carrinho , 157","Jd Gracinda ","Guarulhos ","SP","11947745723","","-23.4538","-46.5333","","01/06/2026","Auto:Jefferson - Zona 393"
"Assembleia de Deus vitória do Senhor ","Assembleia ","Líder ","Rua José Carrinho , 157","Jd Gracinda ","Guarulhos ","SP","11947745723","","-23.4538","-46.5333","","01/06/2026","Auto:Jefferson - Zona 393"
"Igreja Pentecostal Ceifeiros de Cristo ","Pentecostal ","Raquel ","R. Reinaldo César de Oliveira, 328 - Jardim City, Guarulhos - SP, 07082-510, 328","Jd City ","guarulhos ","SP","11 95249-3088","","-23.4538","-46.5333","","31/05/2026","Auto:Jefferson - Zona 393"
"Igreja Pentecostal Ceifeiros de Cristo ","Pentecostal ","Raquel ","R. Reinaldo César de Oliveira, 328 - Jardim City, Guarulhos - SP, 07082-510, 328","Jd City ","guarulhos ","SP","11 95249-3088","","-23.4538","-46.5333","","31/05/2026","Auto:Jefferson - Zona 393"
"Igreja Pentecostal Ceifeiros de Cristo ","Pentecostal ","Raquel ","R. Reinaldo César de Oliveira, 328 - Jardim City, Guarulhos - SP, 07082-510, 328","Jd City ","guarulhos ","SP","11 95249-3088","","-23.4538","-46.5333","","31/05/2026","Auto:Jefferson - Zona 393"
"Ministério Apost. Convidados a Caminhar com Cristo ","Evangélica ","Sirley Dias de Carvalho ","R. Corbelia, 109","Jardim Flor da Montanha","Guarulhos","SP","(11) 94082-3173","sirleyevinicius@gmail.com","-23.4538","-46.5333","","23/05/2026","Auto:AP Jaime - Zona 393"
"Ministério Apost. Convidados a Caminhar com Cristo ","Evangélica ","Sirley Dias de Carvalho ","R. Corbelia, 109","Jardim Flor da Montanha","Guarulhos","SP","(11) 94082-3173","sirleyevinicius@gmail.com","-23.4538","-46.5333","","23/05/2026","Auto:AP Jaime - Zona 393"
"igreja pentecostal lírio dos vales","Assembleia ","Pr Ailton ","Rua Madame Curie , 1036","JD Dourado ","Guarulhos","SP","11984196180","","-23.4538","-46.5333","","20/05/2026","Auto:Jefferson - Zona 393"
"Assembleia de Deus M.carapicuiba","Assembleia de Deus ","","Av.lagedao","Soberana ","","SP","","","-23.4538","-46.5333","","17/05/2026","Auto:Samuel - Zona 394"
"Assembleia de Deus M.carapicuiba","Assembleia de Deus ","","Av.lagedao","Soberana ","","SP","","","-23.4538","-46.5333","","17/05/2026","Auto:Samuel - Zona 394"
"Verbo vivo","Evangélica ","","Av monte alegre ","Soberana ","Guarulhos ","SP","","","-23.4538","-46.5333","","17/05/2026","Auto:Samuel - Zona 394"
"Batista ","Evangélica ","","Rua Taubaté , 295","Soberana ","Guarulhos ","SP","","","-23.4538","-46.5333","","17/05/2026","Auto:Samuel - Zona 394"
"Adbras soberana ","Assembleia de Deus ","Carlos Eduardo ","Rua São João do miriti , 146","Soberana ","Guarulhos ","SP","","","-23.4538","-46.5333","","17/05/2026","Auto:Samuel - Zona 394"
"Adbras soberana ","Assembleia de Deus ","Carlos Eduardo ","Rua São João do miriti , 146","Soberana ","Guarulhos ","SP","","","-23.4538","-46.5333","","17/05/2026","Auto:Samuel - Zona 394"
"Paz e vida ","Evangélica ","","Praça estrela , 365","Soberana ","Guarulhos ","SP","","","-23.4538","-46.5333","","17/05/2026","Auto:Samuel - Zona 394"
"Paz e vida ","Evangélica ","","Praça estrela , 365","Soberana ","Guarulhos ","SP","","","-23.4538","-46.5333","","17/05/2026","Auto:Samuel - Zona 394"
"Internacional da graça ","Evangélica ","","Praça estrela , 330","Soberana ","Guarulhos ","SP","","","-23.4538","-46.5333","","17/05/2026","Auto:Samuel - Zona 394"
"Adbras ","Assembleia de Deus ","Amilton ","Rua palmeiras , 586","Soberana ","","SP","","","-23.4538","-46.5333","","17/05/2026","Auto:Samuel - Zona 394"
"Adbras soberana ","Assembleia de Deus ","Marcelo Xavier ","Av monte alegre , 1006","Soberana ","Guarulhos ","SP","","","-23.4538","-46.5333","","17/05/2026","Auto:Samuel - Zona 394"
"Igreja Evangélica Avivamento Bíblico Sede Gopouva","Avivamento Biblico","Cosme Ferreira da Silva","Rua Catarina Manzoni, 69","Gopoúva","Guarulhos","SP","11 2442-7084","avivamento@gmail.com","-23.4538","-46.5333","","16/05/2026","Auto:Pr. Bernard - Zona 176"
"Igreja Evangélica Pentecostal Boas Novas","Boas Novas","Pr. Marcos","Rua Antônio D'Agostinho, 153","Jardim Dourado","Guarulhos","SP","11 24413629","boasnovas@gmail.com","-23.4538","-46.5333","","16/05/2026","Auto:Pr. Bernard - Zona 176"
"Amor que Transforma","Propria","Guilherme Grando","Avenida Salgado Filho, 517","Centro","Guarulhos","SP","1193736-0420","amorquetransforma@gmail.com","-23.4538","-46.5333","","16/05/2026","Auto:Pr. Bernard - Zona 176"
"Igreja Cristo em Guarulhos","Própria","José","Rua Jaiminho, 436","Vila Progresso","Guarulhos","SP","1122295211","igrejacristo@gmail.com","-23.4538","-46.5333","","16/05/2026","Auto:Pr. Bernard - Zona 176"
"Igreja da Cidade Guarulhos","IC","Carlito Paes","Avenida Tiradentes, 633","Jardim Guarulhos","Guarulhos","SP","11996832762","","-23.4538","-46.5333","","16/05/2026","Auto:Pr. Bernard - Zona 176"
"Igreja Burn Guarulhos","Burn","Pr. Marcelo Santos","Rua Nossa Senhora Mãe dos Homens, 523","Centro","Guarulhos","SP","11940124989","burnguarulhos@gmail.com","-23.4538","-46.5333","","16/05/2026","Auto:Pr. Bernard - Zona 176"
"Igreja Nova Dimensão","Própria","Levi Capelari","Avenida Doutor Timóteo Penteado, 501","Vila Hulda","Guarulhos","SP","1124403768","novadimensao@gmail.com","-23.4538","-46.5333","","16/05/2026","Auto:Pr. Bernard - Zona 176"
"Igreja Evangélica Sou Poderoso Sou o que Sou - Ministério da evolução ","Pentecostal ","Jorge  Santos ","Rua Hideo Sinzato - Parque Mikail, Guarulhos - SP, 478","Parque Mikail 2","Guarulhos","SP","(11) 98612-4221","jorge_gb01@hotmail.com","-23.4538","-46.5333","","14/05/2026","Auto:Pr. Jorge - Zona 393"
"I família e amor de Cristo ","Evangélica ","Adriana Novais ","Rua São Francisco , 37","Vila Galvão ","Guarulhos ","SP","","","-23.4538","-46.5333","","14/05/2026","Auto:Silvio - Zona 278"
"I batista renovada ebenezer","Batista ","","Av guarulhos , 3984","Vila Augusta ","Guarulhos ","SP","","","-23.4538","-46.5333","","07/05/2026","Auto:Silvio - Zona 278"
"I universal do reino de Deus ","Evangélica ","","Av guarulhos , 3898","Vila Augusta ","Guarulhos ","SP","","","-23.4538","-46.5333","","07/05/2026","Auto:Silvio - Zona 278"
"Igreja universal do reino de Deus ","Evangélica ","","Av Emílio Ribas , 1750","Jd tranquilidade ","Guarulhos ","SP","1127901177","","-23.4538","-46.5333","","03/05/2026","Auto:Silvio - Zona 278"
"Igreja virtude guarulhos ","Evangélica ","","Av são Luiz , 108","Vila Rosália ","Guarulhos ","SP","11952206044","","-23.4538","-46.5333","","03/05/2026","Auto:Silvio - Zona 278"
"I assembleia de Deus madureira ","Pentecostal ","","Rua professor José Munhoz , 800","Jd Munhoz ","Guarulhos ","SP","","","-23.4538","-46.5333","","30/04/2026","Auto:Silvio - Zona 278"
"Comunidade evangélica maravilhas de Cristo ","Evangélica ","Liranilda","Av professor José Munhoz , 582","Ponte grande ","Guarulhos ","SP","","","-23.4538","-46.5333","","30/04/2026","Auto:Silvio - Zona 278"
"I verbo da vida","","","Av Santana , 582","Jd Munhoz ","Guarulhos ","SP","1124214955","","-23.4538","-46.5333","","30/04/2026","Auto:Silvio - Zona 278"
"I internacional da graça de Deus ","Neo pentecostal ","","Av guarulhos , 3725","Vila Augusta ","Guarulhos ","SP","","","-23.4538","-46.5333","","30/04/2026","Auto:Silvio - Zona 278"
"Assembleia de Deus Belém ","Pentecostal ","","Av guarulhos , 3098","Ponte grande ","Guarulhos ","SP","","","-23.4538","-46.5333","","30/04/2026","Auto:Silvio - Zona 278"
"I renovação de Deus","Pentecostal ","Darlan","Rua Francisco Zanini , 187","Vila Augusta ","Guarulhos ","SP","","","-23.4538","-46.5333","","30/04/2026","Auto:Silvio - Zona 278"
"Congregação cristã no Brasil ","Evangélica ","","Rua Gaspar de Oliveira viana, 33","","Guarulhos ","SP","1124407435","","-23.4538","-46.5333","","30/04/2026","Auto:Silvio - Zona 278"
"Ministério verbo vivo","Evangélica ","","Rua Dona Antônia , 593","Vila Augusta ","Guarulhos ","SP","1124410004","contato@verbovivo.com.br","-23.4538","-46.5333","","30/04/2026","Auto:Silvio - Zona 278"
"Ministério verbo vivo","Evangélica ","","Rua Dona Antônia , 593","Vila Augusta ","Guarulhos ","SP","1124410004","contato@verbovivo.com.br","-23.4538","-46.5333","","30/04/2026","Auto:Silvio - Zona 278"
"Igreja batista v augusta","Batista ","","Rua Cônego valadão , 1519","Vila Augusta ","Guarulhos ","SP","","","-23.4538","-46.5333","","30/04/2026","Auto:Silvio - Zona 278"
"I batista luz","Batista ","","Av são Paulo , 27","Jd tranquilidade ","Guarulhos ","SP","","","-23.4538","-46.5333","","28/04/2026","Auto:Silvio - Zona 278"
"Ministério redenção profética ","Evangélica ","","Rua jacob , 327","J tranquilidade ","Guarulhos ","SP","","","-23.4538","-46.5333","","28/04/2026","Auto:Silvio - Zona 278"
"I internacional da graça de Deus ","Pentecostal neo ","","Rua jacob, 166","J tranquilidade ","Guarulhos ","SP","","","-23.4538","-46.5333","","28/04/2026","Auto:Silvio - Zona 278"
"I evangélica voz da verdade ","Evangélica ","","Rua jacob, 43","Jd tranquilidade ","Guarulhos ","SP","","","-23.4538","-46.5333","","28/04/2026","Auto:Silvio - Zona 278"
" comunidade cristã Cristo reina","Cristã ","","Av Emílio Ribas , 2372","Vila tijuco","Guarulhos ","SP","","","-23.4538","-46.5333","","28/04/2026","Auto:Silvio - Zona 278"
"Igreja Batista Nova vida ","Batista ","Fabio Godói de Paula ","Rua Souto Soares, 51","Jardim IV Centenário","Guarulhos","SP","(11)99991-7546","ibnvchurch@gmail.com","-23.4538","-46.5333","Igreja grande lo lavras ","24/04/2026","Auto:Renatinha - Zona 394"
"Como Barro nas mãos do olheiro ","Assembleia ","Pastor Raulino Araújo ","Rua Paraíba, 335","Nova Ponte Alta","Guarulhos","SP","1196364-6957","","-23.4538","-46.5333","","24/04/2026","Auto:Renatinha - Zona 394"
"Como Barro nas mãos do olheiro ","Assembleia ","Pastor Raulino Araújo ","Rua Paraíba, 335","Nova Ponte Alta","Guarulhos","SP","1196364-6957","","-23.4538","-46.5333","","24/04/2026","Auto:Renatinha - Zona 394"
"Manancial da paz ","Assembleia ","Rodrigo Santana de souza ","Rua Ouro Preto , 84","Soberana ","Guarulhos ","SP","1197636-3753","","-23.4538","-46.5333","Igreja pequena está começando o trabalho ","24/04/2026","Auto:Renatinha - Zona 394"
"Igreja universal do reino de Deus ","Evangélica ","","Rua Alberto Ferreira Lopes , 191","Vila Galvão ","Guarulhos ","SP","","","-23.4538","-46.5333","","23/04/2026","Auto:Silvio - Zona 278"
"Igreja sal da terra ","","","Rua Alberto Ferreira Lopes , 201","Vila Galvão ","Guarulhos ","SP","","","-23.4538","-46.5333","","23/04/2026","Auto:Silvio - Zona 278"
"Congregação cristã no Brasil ","Cristã ","","Rua corumbaiba , 329","Torres Tibagi ","Guarulhos ","SP","","","-23.4538","-46.5333","","23/04/2026","Auto:Silvio - Zona 278"
"Primeira igreja batista em guarulhos ","Evangélica ","","Rua ouvidor, 248","Parque santo Antônio ","Guarulhos ","SP","","","-23.4538","-46.5333","","23/04/2026","Auto:Silvio - Zona 278"
"Ministério oração de adoradores ","Evangélica ","","Rua cabo Antônio Pereira da Silva , 324","Jd tranquilidade ","Guarulhos ","SP","","","-23.4538","-46.5333","","23/04/2026","Auto:Silvio - Zona 278"
"I internacional da graça de Deus ","Evangélica ","","Rua jacob , 166","Jd tranquilidade ","Guarulhos ","SP","","","-23.4538","-46.5333","","23/04/2026","Auto:Silvio - Zona 278"
"Congregação cristã no Brasil ","Cristã ","","Rua dona dica, 170200","Jd tranquilidade ","Guarulhos ","SP","","","-23.4538","-46.5333","","23/04/2026","Auto:Silvio - Zona 278"
"Igreja o Brasil para Cristo ","Pentecostal ","","Rua dona dica , 734","Jd tranquilidade ","Guarulhos ","SP","1124228189","","-23.4538","-46.5333","","23/04/2026","Auto:Silvio - Zona 278"
"Igreja o Brasil para Cristo ","Pentecostal ","","Rua dona dica , 734","Jd tranquilidade ","Guarulhos ","SP","1124228189","","-23.4538","-46.5333","","23/04/2026","Auto:Silvio - Zona 278"
"Assembleia de Deus Belém ","Pentecostal ","","Rua jacob, 511","Jd tranquilidade ","Guarulhos ","SP","","","-23.4538","-46.5333","","23/04/2026","Auto:Silvio - Zona 278"
"I evangélica pentecostal reino de Davi ","Pentecostal ","","Rua Dr Renato Pacheco Braga , 8","Jd tranquilidade ","Guarulhos ","SP","","","-23.4538","-46.5333","","23/04/2026","Auto:Silvio - Zona 278"
"Congregação cristã no Brasil ","Cristã ","","Rua mato grosso , 58","V Endres ","Guarulhos ","SP","","","-23.4538","-46.5333","","23/04/2026","Auto:Silvio - Zona 278"
"Congregação cristã no Brasil ","Cristã ","","Rua Marechal camara , 86","Jd Munhoz ","Guarulhos ","SP","","","-23.4538","-46.5333","","23/04/2026","Auto:Silvio - Zona 278"
"I assembleia de Deus madureira ","Pentecostal ","","Rua Santa Catarina , 523","Cidade Brasil ","Guarulhos ","SP","","","-23.4538","-46.5333","","23/04/2026","Auto:Silvio - Zona 278"
"Q igreja presbiteriana independente guarulhos ","Evangélica ","","Rua Alegre , 523","Vila São Rafael ","Guarulhos ","SP","","","-23.4538","-46.5333","","23/04/2026","Auto:Silvio - Zona 278"
"Q igreja presbiteriana independente guarulhos ","Evangélica ","","Rua Alegre , 523","Vila São Rafael ","Guarulhos ","SP","","","-23.4538","-46.5333","","23/04/2026","Auto:Silvio - Zona 278"
"Assembleia de Deus ministério do Belém ","Assembleia ","Samuel ","Rua Petrônio portela Nunes , 49","Inocoop ","Guarulhos ","SP","11988721774","","-23.4538","-46.5333","","17/04/2026","Auto:Paulo / Belem"
"Assembleia de Deus ministério do Belém ","Assembleia ","Clóvis ","Rua Luciara , 83","Jardim São Manoel ","Guarulhos ","SP","11944282913","","-23.4538","-46.5333","","17/04/2026","Auto:Paulo / Belem"
"I C C missão Resgate","Evangélica ","","Rua alegre , 499","Vila São Rafael ","Guarulhos ","SP","","","-23.4538","-46.5333","","17/04/2026","Auto:Silvio - Zona 278"
"I P Deus e amor","Evangélica ","","Rua freire de Andrade , 684","Vila Galvão ","Guarulhos ","SP","","","-23.4538","-46.5333","","17/04/2026","Auto:Silvio - Zona 278"
"I E P Unidos em Cristo ","Evangélica ","","Rua Pedro Álvares cabral, 712","Vila Galvão ","Guarulhos ","SP","","","-23.4538","-46.5333","","17/04/2026","Auto:Silvio - Zona 278"
"I metodista","Metodista ","","Independencia, 71","Vila Renata ","Guarulhos ","SP","","","-23.4538","-46.5333","","17/04/2026","Auto:Silvio - Zona 278"
"I Makarios church","Evangélica ","","Rua treze de maio , 569","Vila Galvão ","Guarulhos ","SP","","","-23.4538","-46.5333","","17/04/2026","Auto:Silvio - Zona 278"
"Assembleia de Deus Belém ","Assembleia ","","Av Tomé de souza, 41","Vila Galvão ","Guarulhos ","SP","","","-23.4538","-46.5333","","17/04/2026","Auto:Silvio - Zona 278"
"Primeira igreja renovada batista de guarulhos ","Batista ","","Alameda tutoia , 363","Gopoúva ","Guarulhos ","SP","","","-23.4538","-46.5333","","17/04/2026","Auto:Silvio - Zona 278"
"Ministério da fé ","Assembleia ","","Rua Otacílio malheiros , 96","Jd dourado ","Guarulhos ","SP","","","-23.4538","-46.5333","","17/04/2026","Auto:Silvio - Zona 278"
"Igreja do reino","Evangélica ","","Rua Otacílio malheiros , 54","Jd dourado","Guarulhos ","SP","11989574237","","-23.4538","-46.5333","","17/04/2026","Auto:Silvio - Zona 278"
"Cristo e Rei","Evangélica ","","Al amelia , 139","Gopoúva ","Guarulhos ","SP","","","-23.4538","-46.5333","","17/04/2026","Auto:Silvio - Zona 278"
" O Brasil para Cristo ","Evangélica ","Paulino","Rua Vicente melo , 995","Vila Galvão ","Guarulhos ","SP","","","-23.4538","-46.5333","","17/04/2026","Auto:Silvio - Zona 278"
"Igreja Adoradores de Cristo","Evangélica","Milton Gomes","Avenida Guapira, 35","Tucuruvi","São Paulo","SP","11959873952","miltongomespastor@gmail.com","-23.4538","-46.5333","","17/04/2026","Auto:Pr. Bernard - Zona 176"
"Somos Um","Própria ","Pr. Washigton","Alameda Amélia, 202","Jardim Gopoúva","Guarulhos","SP","11989238626","","-23.4538","-46.5333","","17/04/2026","Auto:Pr. Bernard - Zona 176"
"Assembleia de Deus ministério do Belém ","Assembleia ","Humberto ","Rua Waldemar de Paula Ferreira , 405","Presidente Dutra ","Guarulhos ","SP","1154423602","","-23.4538","-46.5333","","17/04/2026","Auto:Paulo / Belem"
"Assembleia de Deus ministério do Belém ","Assembleia ","José Luiz ","Rua Itajuíbe , 405","Maria Dirce ","Guarulhos ","SP","11948687760","","-23.4538","-46.5333","","16/04/2026","Auto:Paulo / Belem"
"Assembleia de Deus ministério do Belém ","Assembleia ","Jurandir ","Av Cannes , 372","Água azul ","Guarulhos ","SP","1198339244","","-23.4538","-46.5333","","16/04/2026","Auto:Paulo / Belem"
"Assembleia de Deus ministério do Belém ","Assembleia ","Diego ","Rua Rodolfo turriano , 121","Bambi ","Guarulhos ","SP","11933107055","","-23.4538","-46.5333","","16/04/2026","Auto:Paulo / Belem"
"Assembleia de Deus ministério do Belém ","Assembleia ","Francisco da Dantas ","Rua senhor do Bonfim , 104","Bonsucesso ","Guarulhos ","SP","1198079692","","-23.4538","-46.5333","","16/04/2026","Auto:Paulo / Belem"
"Assembleia de Deus ministério do Belém ","Assembleia ","Gildásio ","Rua Araçatuba , 408","Soberana ","Guarulhos ","SP","11979761161","","-23.4538","-46.5333","","16/04/2026","Auto:Paulo / Belem"
"Assembleia de Deus ministério do Belém ","Assembleia ","Gilberto ","Rua rio negro , 109","Soberana ","Guarulhos ","SP","11968729268","","-23.4538","-46.5333","","16/04/2026","Auto:Paulo / Belem"
"Assembleia de Deus ministério do Belém ","Assembleia ","Antônio Cleiton ","Rua barra dos Mendes , 283","Lavras ","Guarulhos ","SP","11971101976","","-23.4538","-46.5333","","16/04/2026","Auto:Paulo / Belem"
"Assembleia de Deus ministério do Belém ","Assembleia ","Alexandro ","Rua Eliane Mendes Ferreira , 135","Santa Paula ","Guarulhos ","SP","11985138800","","-23.4538","-46.5333","","16/04/2026","Auto:Paulo / Belem"
"Assembleia de Deus ministério do Belém ","Assembleia ","Enoque ","Rua dezenove de maio , 233","Anitta Garibaldi ","Guarulhos ","SP","11995557833","","-23.4538","-46.5333","","16/04/2026","Auto:Paulo / Belem"
"Assembleia de Deus ministério do Belém ","Assembleia ","Paulo Sérgio ","Av Luiz Gonzaga do nascimento , 874","Jardim Ponte Alta 2 ","Guarulhos","São Paulo","11970309483","prpaulosergiofranca@gmail.com","-23.4538","-46.5333","","16/04/2026","Auto:Paulo / Belem"
"Assembleia de Deus ministério do Belém ","Assembleia ","Daniel ","Rua Orlando Ramos , 330","Guarulhos ","","SP","11982022700","","-23.4538","-46.5333","","16/04/2026","Auto:Paulo / Belem"
"Assembleia de Deus ministério do Belém ","Assembleia ","João Galvão ","Rua prados , 233","Guarulhos ","","SP","11952562292","","-23.4538","-46.5333","","16/04/2026","Auto:Paulo / Belem"
"Assembleia de Deus ministério do Belém ","Assembleia ","Elías ","Rua Ijaci , 103","Nova Bonsucesso 1","Guarulhos ","SP","11980161474","","-23.4538","-46.5333","","16/04/2026","Auto:Paulo / Belem"
"Assembleia de Deus ministério do Belém ","Assembleia ","Fabio Nunes ","Rua Oscar sherer , 85","Vila Carmela ","","SP ","11957117049","","-23.4538","-46.5333","","16/04/2026","Auto:Paulo / Belem"
"Assembleia de Deus ministério do Belém ","Assembleia ","Fabio Nunes ","Rua Oscar sherer , 85","Vila Carmela ","","SP ","11957117049","","-23.4538","-46.5333","","16/04/2026","Auto:Paulo / Belem"
"Assembleia de Deus ministério do Belém ","Assembleia ","Gesrael ","Rua José de Souza Abrantes , 356","Jardim álamo ","Guarulhos ","SP","1198514789","","-23.4538","-46.5333","","16/04/2026","Auto:Paulo / Belem"
"IE Pentecostal unidos em Cristo ","Evangélica ","Pastor paulo","Rua Sérgio Rabelo 2, 279","Jd São Judas Tadeu ","Guarulhos ","SP","1194183 1968","","-23.4538","-46.5333","","15/04/2026","Auto:Silvio - Zona 278"
"IE Pentecostal brasa viva ","Evangélica ","Pastor Israel","Otacílio malheiros, 88","Gopouva","Guarulhos ","SP","11 96794 7895","","-23.4538","-46.5333","","15/04/2026","Auto:Silvio - Zona 278"
"I E Pentecostal  eu sou a luz do mundo ","Cristã "," Pastor Adilson","Rua Isa , 130","Jd aliança ","Guarulhos ","SP","1195433 7284","","-23.4538","-46.5333","","15/04/2026","Auto:Silvio - Zona 278"
"Igreja Imersão ","Independente","Pr. Marcos","Avenida Avelino Alves Machado, 467","Jardim Pinhal","Guarulhos","SP","11 97647 0757","","-23.4538","-46.5333","","14/04/2026","Auto:Guti - Visitas"
"Igreja Poder da Palavra","Independente","Pastor Richard","Rua Raimundo Palma, 367","Parque Continental I","Guarulhos","SP","11 97546 9531","","-23.4538","-46.5333","","14/04/2026","Auto:Guti - Visitas"
"Projeto Gileade","Independente","Pr. Jackson","Avenida Sapopemba, 2516","Vila Regente Feijó","São Paulo","SP","11 98344 9621","","-23.4538","-46.5333","","14/04/2026","Auto:Guti - Visitas"
"Adbras soberana ","Evangélica ","Marcelo Xavier ","Av.monte alegre, 1006","Soberana ","Guarulhos ","SP","","","-23.4538","-46.5333","","13/04/2026","Auto:Samuel - Zona 394"
"Adbras soberana ","Evangélica ","Marcelo Xavier ","Av.monte alegre, 1006","Soberana ","Guarulhos ","SP","","","-23.4538","-46.5333","","13/04/2026","Auto:Samuel - Zona 394"
"Ministério Adoradores De Cristo","Evangélica","Pr. Bernard Gomes","Rua Antônio Gomes, 30","Vila Santo Antônio","Guarulhos","SP","11910361424","pastorbernardogomes@gmail.com","-23.4607077","-46.5376023","","10/04/2026","Auto:Pr. Bernard - Zona 176"
"Igreja Poder Gloria e Milagre","Igreja Poder Gloria e Milagre","Pastor Wagner","Rua Trinta e dois A, 97","Jardim Valeria","Guarulhos","SP","","","-23.4220034","-46.5332729","","08/04/2026","Importação PDF"
"Igreja Assembleia Reino de Deus","Igreja Assembleia Reino de Deus","Pastor Davi","Av. Rosa Molina Pannocchia 420","","Guarulhos","SP","","","-23.4675941","-46.5277704","","08/04/2026","Importação PDF"
"Assembleia de Deus Ministério da Fé em Ação","Assembleia de Deus Ministério da Fé em Ação","Pastor Jose Vital","Rua Antônio Alecrim,136","Jardim das Rosas","São Paulo","SP","","","-23.4538","-46.5333","","08/04/2026","Importação PDF"
"Igreja adventista do sétimo dia ","Adventista ","Daniel ","Rua Ananias José de Vasconcelos , 66","Gopoúva","Guarulhos ","SP","","","-23.4538","-46.5333","","08/04/2026","Auto:Silvio - Zona 278"
"Assembléia de Deus ministério cubatão ","Assembléia de Deus ","Tiago ","Francisco Inácio brum do canto , 20 A","Itatinga","São Sebastião","SP","12981781204","tiagosantana77509@gmail.com","-23.4538","-46.5333","","06/04/2026","Auto:Cubatão Dr. Daniel"
"AD Cubatão ","Assembleia ","PR Flavio ","Padre Manoel de Nobrega, 485","Putim","Registro","SP","13 974101296","flaviotarso20@gmail.com","-23.4538","-46.5333","","04/04/2026","Auto:Cubatão Dr. Daniel"
"Igreja Adventista ","Adventista do Sétimo dia ","Sandro Pinheiro ","Rua Soldado Hercílio Gonçalves, 147","Jardim Dourado","Guarulhos","SP","11996751721","sandroadvir@gmail.com","-23.4591984","-46.5402365","","30/03/2026","Auto:Adventista/ D & G"
"Igreja Paz e Vida - Jaçanã","Igreja","","Av. Guapira, 2324","Jaçanã","São Paulo","SP","(11) 4508-9708","","-23.4666616","-46.583928","","26/03/2026","Importação PDF"
"Igreja Deus é Amor","Igreja Pentecostal","","R. Benjamin Pereira, 603","Jaçanã","São Paulo","SP","","","-23.4665098","-46.5850603","","26/03/2026","Importação PDF"
"Igreja Evangélica ""Os Cordeios De Cristo""","Instituição religiosa","","R. Bom Jesus da Cachoeira, 157","Jaçanã","São Paulo","SP","","","-23.4733884","-46.5680317","","26/03/2026","Importação PDF"
"Igreja Metodista Wesleyana","Igreja Pentecostal","","Rua Thomaz Cyro Pozzi, 48","Jaçanã","São Paulo","SP","(11) 2240-6185","","-23.4622676","-46.5730366","","26/03/2026","Importação PDF"
"Igreja Adventista do Sétimo Dia de Jaçanã","Igreja Adventista do Sétimo Dia","","Av. Paulo Lincoln do Valle Pontin, 68","Jaçanã","São Paulo","SP","","","-23.4642725","-46.5847028","","26/03/2026","Importação PDF"
"Igreja Evangélica Apostólica Novo Tempo","Instituição religiosa","","R. Benjamin Pereira, 35","Jaçanã","São Paulo","SP","","","-23.4629935","-46.582443","","26/03/2026","Importação PDF"
"Igreja Evangélica Pentecostal Betânia","Igreja evangélica","","R. Irmã Emerenciana, 91","Jaçanã","São Paulo","SP","(11) 96351-5030","","-23.4700011","-46.5795668","","26/03/2026","Importação PDF"
"IEAB Jaçanã","Igreja","","Av. Henri Janor, 184","Jaçanã","São Paulo","SP","(11) 2243-3445","","-23.4697491","-46.5891245","","26/03/2026","Importação PDF"
"INFLU CHURCH","Igreja","","R. Lopes da Costa, 1340","Jaçanã","São Paulo","SP","(11) 98358-8331","","-23.4592539","-46.5721125","","26/03/2026","Importação PDF"
"Congregação Cristã no Brasil - Jaçanã","Igreja cristã","","R. José Buono, 65","Jaçanã","São Paulo","SP","(11) 2241-5079","","-23.4636552","-46.5859501","","26/03/2026","Importação PDF"
"Igreja Missionária Evangélica Betel Brasileiro","Templo","","R. Apuana, 49","Jaçanã","São Paulo","SP","(11) 2243-5090","","-23.4523957","-46.5882325","","26/03/2026","Importação PDF"
"Igreja Batista do Jaçanã","Igreja","","R. José Figliolini, 383","Jaçanã","São Paulo","SP","(11) 2241-6977","","-23.4601843","-46.5774008","","26/03/2026","Importação PDF"
"Igreja Evangelica Pentecostal Atos do Espírito Santo","Igreja","","Av. Jaçanã, 285","Jaçanã","São Paulo","SP","","","-23.4703145","-46.5726383","","26/03/2026","Importação PDF"
"Igreja Universal do Reino de Deus","Igreja","","R. Benjamin Pereira, 602","Jaçanã","São Paulo","SP","(11) 2790-1177","","-23.4665098","-46.5850603","","26/03/2026","Importação PDF"
"Igreja Evangélica Avivamento para as Nações","Igreja","","R. Aquiles, 165","Jaçanã","São Paulo","SP","","","-23.4665098","-46.5935253","","26/03/2026","Importação PDF"
"Igreja do Deus Vivo Primitiva Independente Idvpi","Igreja evangélica","","Av. Luís Stamatis, 356","Jaçanã","São Paulo","SP","(11) 2242-8414","","-23.4682776","-46.5817117","","26/03/2026","Importação PDF"
"Videira - Jaçanã","Igreja gospel","","R. Flor de Ouro, 201","Jaçanã","São Paulo","SP","(11) 96393-9148","","-23.4532791","-46.5727265","","26/03/2026","Importação PDF"
"Assembleia De Deus, Ministerio Belem, Setor 04, Congregação do bairro Jaçanã","Igreja","","Av. Jaçanã, 334A","Jaçanã","São Paulo","SP","","","-23.4667635","-46.5888088","Setor 04","26/03/2026","Importação PDF"
"Igreja Universal - Jaçana","Igreja","","Av. Guapira, 2440","Jaçanã","São Paulo","SP","","","-23.4685003","-46.5841958","","26/03/2026","Importação PDF"
"Ministerio Evangélica Deus É Deus","Instituição religiosa","","R. Paquita, 831","Recreio São Jorge","Guarulhos","SP","","","-23.404548","-46.5216892","","26/03/2026","Importação PDF"
"Igreja evangélica pentecostal Há Vida Nova em Cristo","Templo","","R. Natalina, 72","Recreio São Jorge","Guarulhos","SP","","","-23.4050232","-46.5223206","","26/03/2026","Importação PDF"
"IGREJA EVANGÉLICA TEMPLO DO AVIVAMENTO","Igreja","Pr. Pres. Silvério Rodrigues","R. Sami, 134","Recreio São Jorge","Guarulhos","SP","(81) 98911-4676","","-23.4038157","-46.5203346","Pr. Pres. Silvério Rodrigues","26/03/2026","Importação PDF"
"Igreja Universal","Igreja","","Av. Palmira Rossi, 962","Recreio São Jorge","Guarulhos","SP","(11) 2790-1177","","-23.4039379","-46.5176844","Aberto · Fecha 21:00","26/03/2026","Importação PDF"
"Congregação Cristã no Brasil - Recreio São Jorge","Igreja cristã","","Av. Palmira Rossi, 14","Recreio São Jorge","Guarulhos","SP","","","-23.4039379","-46.5176844","","26/03/2026","Importação PDF"
"IEP Atalaia de Cristo Jesus","Igreja evangélica","","R. Paquita, 654","Recreio São Jorge","Guarulhos","SP","(11) 98682-2853","","-23.4021595","-46.5215969","Abre sáb. às 19:00","26/03/2026","Importação PDF"
"Igreja pentecostal plenitude da fé em Jesus Cristo","Igreja","","R. Chico Mendes, 23","Recreio São Jorge","Guarulhos","SP","","","-23.3969909","-46.5207528","Abre às 19:00","26/03/2026","Importação PDF"
"Igreja Casa da Benção de Guarulhos","Igreja evangélica","","R. Paraguaçú, 475","Recreio São Jorge","Guarulhos","SP","(11) 96594-8010","","-23.4027185","-46.5227355","","26/03/2026","Importação PDF"
"AD TABOÃO RECREIO 1","Igreja Assembleia de Deus","","Av. Palmira Rossi, 1186","Recreio São Jorge","Guarulhos","SP","(11) 96738-1435","","-23.4039379","-46.5176844","Abre às 19:30","26/03/2026","Importação PDF"
"Igreja Pentecostal Fé Genuina","Instituição religiosa","","R. Silvestre, 79","Recreio São Jorge","Guarulhos","SP","","","-23.3974038","-46.5202038","Abre sáb. às 19:30","26/03/2026","Importação PDF"
"IGREJA EVANGÉLICA MINISTÉRIO PESCADORES DE ALMAS","Instituição religiosa","","R. Santana Montes, 58","Recreio São Jorge","Guarulhos","SP","","","-23.4017886","-46.5101576","","26/03/2026","Importação PDF"
"IADM Catedral da Fé Cristã - NR","Igreja","","Av. Palmira Rossi, 3405","Novo Recreio","Guarulhos","SP","(11) 2996-3115","","-23.4039379","-46.5176844","Abre às 19:30","26/03/2026","Importação PDF"
"Ministerio União Pentecostal Novo Recreio","Igreja evangélica","","Av. Palmira Rossi, 3220","Novo Recreio","Guarulhos","SP","","","-23.4018419","-46.5141232","Amo congregar aqui","26/03/2026","Importação PDF"
"IGREJA BATISTA VIDA E LUZ","Igreja Batista","","R. Felipe Marcondes Rúbio, 340","Recreio São Jorge","Guarulhos","SP","","","-23.3987584","-46.5221331","","26/03/2026","Importação PDF"
"Igreja Esperança De Vida","Igreja","","R. Amazonas","Recreio São Jorge","Guarulhos","SP","(11) 99197-0994","","-23.3983758","-46.5208513","Lugar de Deus; Abre sex. às 19:30","26/03/2026","Importação PDF"
"Igreja Evangélica De Volta A Casa Do Pai","Instituição religiosa","","Av. Palmira Rossi, 396","Recreio São Jorge","Guarulhos","SP","","","-23.4039379","-46.5176844","","26/03/2026","Importação PDF"
"IGREJA BATISTA BOAS NOVAS","Igreja Batista","","R. Paquita, 183","Recreio São Jorge","Guarulhos","SP","(11) 2347-9141","","-23.4021595","-46.5215969","Pura palavra de Deus; Abre às 19:30","26/03/2026","Importação PDF"
"Igreja Evangelica Petecostal Cristo e Luz.","Igreja","","R. Célso Dias Ferreira, 35","","Guarulhos","SP","","","-23.4056076","-46.430741","","26/03/2026","Importação PDF"
"Igreja Evangélica Sinos de Belém União Cristã Religiosas","Templo","","R. Leila Acrás, 178","","Guarulhos","SP","(11) 2440-7653","","-23.4575975","-46.5224878","","26/03/2026","Importação PDF"
"Igreja Evangélica Unidos Jesus Breve Vem!","Instituição religiosa","","R. Santarém Novo, 35","","Guarulhos","SP","","","-23.4008235","-46.4362887","","26/03/2026","Importação PDF"
"Igreja Amando e Servindo as Nações","Igreja evangélica","","R. Jorge Felipe Haddad, 631","","Guarulhos","SP","(11) 2409-8538","","-23.4675941","-46.5277704","Abre dom. às 18:00","26/03/2026","Importação PDF"
"Ministério Deus é Vida","Igreja evangélica","","Av. Tiradentes, 1462","","Guarulhos","SP","","","-23.464572","-46.5290337","Cultos: quinta às 19h e domingo às 9h.","26/03/2026","Importação PDF"
"Iec Betel Guarulhos","Igreja evangélica","","R. Haroldo Lôbo, 318","","Guarulhos","SP","","","-23.4596629","-46.5232308","Cultos maravilhosos e necessários e pessoas mais ainda.","26/03/2026","Importação PDF"
"Igreja Evangélica Congregacional Vale Da Bênção Guarulhos SP","Igreja evangélica","","R. Airton Sena, 34","","Guarulhos","SP","(11) 2492-9548","","-23.4675941","-46.5277704","Abre às 19:30","26/03/2026","Importação PDF"
"Igreja Evangélica Missão Ebenezer","Igreja gospel","","R. Ribeirão Claro, 228","","Guarulhos","SP","(11) 4963-6145","","-23.4593467","-46.5062419","Ótima experiência Lugar de adoração a Deus e tbm muito família","26/03/2026","Importação PDF"
"Assembleia de Deus ministério leste","Igreja Assembleia de Deus","","Av. Aracati, 400","","Guarulhos","SP","","","-23.4046558","-46.4537523","Fechado · Abre sex. às 19:30","26/03/2026","Importação PDF"
"IBRJPD","Igreja Batista","","Av. Papa João Paulo I, 3810","","Guarulhos","SP","","","-23.4258611","-46.4312597","Igreja abençoada 🤲🏻👏🏻🙌🏻","26/03/2026","Importação PDF"
"IGREJA EVANGELICA ASSEMBLÉIA DE DEUS MINISTERIO CRISTO LIBERTADOR","Instituição religiosa","","R. Belém, 151","","Guarulhos","SP","","","-23.4140082","-46.4517915","","26/03/2026","Importação PDF"
"Igreja Evangelica Tempo De Renovacāo Agape","Instituição religiosa","","R. Estados Unidos, 368","","Guarulhos","SP","","","-23.4027278","-46.4413979","","26/03/2026","Importação PDF"
"Igreja Evangélica Assembléia De Deus Filhos Da Promessa","Instituição religiosa","","R. Jaboticabal, 57","","Guarulhos","SP","","","-23.401936","-46.4379011","CEP/Ref: 164878707","26/03/2026","Importação PDF"
"Ministério Verbo Vivo - Soberana","Igreja evangélica","","Avenida Monte Alegre, 213","Cidade Soberana","Guarulhos","SP","(11) 2441-0004","","-23.4009231","-46.4436165","Lugar maravilhoso cheio da presença de Deus, pessoas de Deus.","26/03/2026","Importação PDF"
"Igreja Presbiteriana do Jardim Girassol","Igreja Presbiteriana","","R. Alto dos Rodrigues, 385","Jardim Girassol","Guarulhos","SP","(11) 96700-5973","","-23.4100934","-46.4485424","Uma igreja boa e bíblica Frequente essa igreja","26/03/2026","Importação PDF"
"Igreja Evangélica Batista Leão de Judá","Igreja evangélica","","R. João de Souza, 424","","Guarulhos","SP","","","-23.4444031","-46.5136931","","26/03/2026","Importação PDF"
"Comunidade Cristã em Guarulhos","Templo","","R. Cabo Osvaldo José de Oliveira, 48","","Guarulhos","SP","(11) 2422-4521","","-23.4522385","-46.534356","Aberto · Fecha 17:00","26/03/2026","Importação PDF"
"Igreja Evangélica Pentecostal Boas Novas","Instituição religiosa","","Av. Monte Alegre","","Guarulhos","SP","","","-23.4009231","-46.4436165","","26/03/2026","Importação PDF"
"Assembleia de Deus Madureira","Igreja evangélica","","R. São Paulo do Potengi, 390","","Guarulhos","SP","","","-23.4675941","-46.5277704","Local excelente para adorar a Deus.","26/03/2026","Importação PDF"
"Igreja Evangélica Pentecostal Visão De Jerusalém","Instituição religiosa","","Av.Brigadeiro Faria Lima, 1150","","Guarulhos","SP","","","-23.4451406","-46.521231","","26/03/2026","Importação PDF"
"Igreja Evangélica Assembleia de Deus te chama","Igreja gospel","","R. Prata, 27","","Guarulhos","SP","","","-23.4036258","-46.4421567","","26/03/2026","Importação PDF"
"Igreja Evangelica Assembleia de Deus - Nova Dimens","Igreja","","Av. Papa João XXIII, 79","","Guarulhos","SP","","","-23.4541442","-46.5331476","","26/03/2026","Importação PDF"
"AD Brás Guarulhos - SEDE","Igreja Assembleia de Deus","","R. Sílvio Barbosa, 462","","Guarulhos","SP","","","-23.4653455","-46.5215786","","26/03/2026","Importação PDF"
"Assembleia de Deus - Paz no Vale - Soberana","Igreja evangélica","","R. Ribeirão Preto, 371","Soberana","Guarulhos","SP","(11) 99107-8596","","-23.3969702","-46.438216","Igreja doutrinada com a paz do senhor Jesus Cristo!","26/03/2026","Importação PDF"
"Igreja pentecostal missão em Cristo","Igreja Pentecostal","","R. das Gameleiras","","Guarulhos","SP","","","-23.4102613","-46.4544872","Fechado · Abre às 19:30","26/03/2026","Importação PDF"
"Igreja Evangelica Pentecostal Coluna de Fogo","Igreja","","R. Cambuci, 10","","Guarulhos","SP","","","-23.3908859","-46.4333402","","26/03/2026","Importação PDF"
"Igreja Evangélica Mensagem Plena","Igreja Evangélica Mensagem Plena","","Av. Aracati, 579","","Guarulhos","SP","(11) 2432-2423","","-23.4046558","-46.4537523","Abre às 19:30","26/03/2026","Importação PDF"
"IGREJA EVANGELICA NOSSO TEMPLO É DO SENHOR","IGREJA EVANGELICA","","R. Rio Negro, 791","","Guarulhos","SP","","","-23.3927222","-46.4388527","","26/03/2026","Importação PDF"
"Igreja Evangélica Pentecostal Monte Sina Soberana","Igreja Evangélica Pentecostal","","Viela Ligúria, 22","Jardim Lenize","Guarulhos","SP","","","-23.4072370869256","-46.450661164418","","26/03/2026","Importação PDF"
"Igreja Evangelica Ass de Deus em S Paulo","Igreja Evangelica Ass de Deus em S Paulo","","R. Jorge García de Medeiros, 34","","Guarulhos","SP","","","-23.4098053","-46.4480892","","26/03/2026","Importação PDF"
"Ministério Tsidkenu","Igreja evangélica","","R. Taubaté","","Guarulhos","SP","","","-23.4005793","-46.4402781","Abre sáb. às 19:00","26/03/2026","Importação PDF"
"AD Belém Guarulhos - Cidade Soberana","Igreja Assembleia de Deus (Belém)","","R. Rio Negro, 109","Cidade Soberana","Guarulhos","SP","","","-23.3927222","-46.4388527","","26/03/2026","Importação PDF"
"Ministério Caminho da Santidade","Igreja evangélica","","Av. José Ozildo Baltieri, 311","","Guarulhos","SP","","","-23.4112569","-46.4556677","Abre às 19:30","26/03/2026","Importação PDF"
"Igreja Bola de Neve - Vila São João","Igreja Bola de Neve","","R. Stella Maris, 233","Vila São João","Guarulhos","SP","(11) 2086-8648","","-23.4264085","-46.5146755","","26/03/2026","Importação PDF"
"Assembleia de Deus Ipiranga - Guarulhos","Igreja Assembleia de Deus (Ipiranga)","","R. São João da Boa Vista, 428","","Guarulhos","SP","","","-23.4461869","-46.4608189","Abre às 19:30","26/03/2026","Importação PDF"
"Igreja Evangélica Pentecostal Ministério Unção De Alegria","Igreja Evangélica Pentecostal","","R. Severiano Melo, 27","","Guarulhos","SP","","","-23.407029","-46.4532794","","26/03/2026","Importação PDF"
"Igreja Evangélica Pentecostal Excelência do Amor de Jesus Cristo","Igreja gospel","","R. Ouro Preto, 412","","Guarulhos","SP","","","-23.4038737","-46.4430616","","26/03/2026","Importação PDF"
"AD Belém Guarulhos - Jardim Cristina","Igreja Assembleia de Deus (Belém)","","R. Jefe, 157","Jardim Cristina","Guarulhos","SP","","","-23.4111498","-46.4499124","","26/03/2026","Importação PDF"
"Igreja Evangélica Manancial da Paz","Igreja gospel","","R. Ouro Preto, 96","","Guarulhos","SP","","","-23.4080843","-46.4450151","","26/03/2026","Importação PDF"
"Igreja evangélica jesus voltará ","Independente ","","Rua Zeferino Alves de Oliveira, 90","Ponte Alta","Guarulhos","SP","11970309483","prpaulosergiofranca@gmail.com","-23.4041918","-46.4170458","","25/03/2026","Auto:Paulo / Belem"
"Igreja Evangelica Pentecostal Cristo e Salvação","Igreja Evangelica Pentecostal","","R. Carnaubais, 39","","Guarulhos","SP","(19) 98250-6976","","-23.4095222","-46.4475983","Avaliação 5,0(2)","24/03/2026","Importação PDF"
"M.G.A.L.A.C Jardim São João","Igreja Pentecostal","","Av. Sagres, 570","Jardim São João","Guarulhos","SP","","","-23.4082959","-46.4569405","Fechado · Abre às 19:30","24/03/2026","Importação PDF"
"Assembléia Vasos De Deus","Igreja Assembleia de Deus","","R. São Bento Trairí, 107","","Guarulhos","SP","","","-23.4072477","-46.4573454","Avaliação 4,3(4)","24/03/2026","Importação PDF"
"Igreja Evangélica de Jesus Cristo Nova Aliança","Igreja gospel","","R. Ouro Preto, 423","","Guarulhos","SP","","","-23.4038737","-46.4430616","Avaliação 5,0(7)","24/03/2026","Importação PDF"
"Igreja Evangélica Pentecostal Fontes De Vida Eterna","Instituição religiosa","","R. Pedro Hermes Seabra, 157","village","Guarulhos","SP","","","-23.410374","-46.4490292","","24/03/2026","Importação PDF"
"Igreja Evangelica Assembl. de Deus - Ministerio Jardim Jade","Igreja Evangelica Assembl. de Deus","","R. Belém, 52","Jardim Jade","Guarulhos","SP","","","-23.41362","-46.4497267","Ministerio Jardim Jade","24/03/2026","Importação PDF"
"Igreja assembléia de Deus Ministério Adja São João","Igreja gospel Assembleia de Deus","","R. Niterói, 120","São João","Guarulhos","SP","","","-23.4049429","-46.4428034","Ministério Adja São João","24/03/2026","Importação PDF"
"IFAD","Igreja evangélica","","R. Jefe, 460","","Guarulhos","SP","","","-23.4111498","-46.4499124","Avaliação 5,0(11)","24/03/2026","Importação PDF"
"Igreja Evangelica Pentecostal a Voz de Deus","Igreja Evangelica Pentecostal","","R. Pedro Avelino, 47","","Guarulhos","SP","","","-23.403266","-46.4560904","Avaliação 4,3(8)","24/03/2026","Importação PDF"
"OBRA EM RESTAURAÇÃO EM GUARULHOS","Igreja evangélica","","R. Angicos, 216","","Guarulhos","SP","","","-23.403594","-46.4554783","Uma Igreja Abençoada Que segue palavra de Deus a risca. Abre sáb. às 18:00.","24/03/2026","Importação PDF"
"Tabernaculo Jesus Cristo","Igreja Pentecostal","","R. Antônio Alves dos Santos, n.113","","Guarulhos","SP","(11) 96518-1614","","-23.4129025","-46.4512703","Igreja muita boa as pessoas são muito solidaria.","24/03/2026","Importação PDF"
"Igreja Pentencostal Avivamento Com A Palavra","Igreja Pentecostal","","R. Afonso Bezerra","","Guarulhos","SP","","","-23.4028178","-46.4536411","Avaliação 4,0(6)","24/03/2026","Importação PDF"
"Igreja evangélica assembléia de Deus Min Campo Carapicuíba","Igreja gospel","","Av. Lagedao, 246-252","","Guarulhos","SP","","","-23.4675941","-46.5277704","Min Campo Carapicuíba","24/03/2026","Importação PDF"
"Igreja Evangélica Assembléia De Deus Ministério Voz Do Criador","Instituição religiosa","","Estr. do Saboó, 860","Saboó","Guarulhos","SP","","","-23.4658038","-46.5226692","","24/03/2026","Importação PDF"
"Igreja Evangélica Jesus Cristo Porta Forte Min Tempo Forte","Igreja gospel","","R. Ouro Preto, 647","","Guarulhos","SP","","","-23.4675941","-46.5277704","Avaliação 5,0(1)","24/03/2026","Importação PDF"
"Igreja Evangélica Luz e Vida","Igreja gospel","","R. Armazém, 205","","Guarulhos","SP","","","-23.4256864","-46.5142093","Fechado · Abre qua. às 15:00","24/03/2026","Importação PDF"
"Igreja União Pentecostal","Igreja Pentecostal","","Av. Florianópolis, 740-912","Jardim São João","Guarulhos","SP","","","-23.4105747","-46.4593168","O melhor lugar que já fui.","24/03/2026","Importação PDF"
"Igreja Renascer em Cristo Jardim São João","Igreja Renascer em Cristo","","Av. Florianópolis, 564","Jardim São João","Guarulhos","SP","","","-23.4093252","-46.4541347","Igreja maravilhosa unção sem limites. Abre às 20:00","24/03/2026","Importação PDF"
"Igreja Evangélica Assembleia De Deus Ministerio Bonsucesso","Igreja Pentecostal Assembleia De Deus","","R. José Carlos Lourenço, 1-83","Bonsucesso","Guarulhos","SP","","","-23.395284","-46.4517321","Ministerio Bonsucesso","24/03/2026","Importação PDF"
"Bola de Neve Church São João","Bola de Neve Church","","R. São Bento Trairí, 462","São João","Guarulhos","SP","(11) 96665-2823","","-23.4072477","-46.4573454","Onde Cristo se faz presente.","24/03/2026","Importação PDF"
"MGA Ministério Geração Avivah Sede","MGA Ministério Geração Avivah","","Av. Bom Jesus, 370","São João","Guarulhos","SP","","","-23.4099632","-46.4578996","Sem palavras melhor lugar é aki q eu me sinto muito bem","24/03/2026","Importação PDF"
"Assembleia de Deus Novo Testamento","Igreja cristã","","R. Mário de Paiva Simões, 14","São João","Guarulhos","SP","(11) 94682-2170","","-23.4057427","-46.4562106","Aos domingos cheguem ás 18:30 pq o Templo fica muito cheio","24/03/2026","Importação PDF"
"Igreja da Graça - IIGD SÃO JOÃO","IIGD","","Estr. do Saboó, 21","São João","Guarulhos","SP","(11) 5050-6118","","-23.3965385","-46.4557065","Lugar de paz, muita palavra e unção.","24/03/2026","Importação PDF"
"I.E.P. Adoradores Do Altíssimo","I.E.P. (Evangélica Pentecostal)","","Estr. do Saboó, 54","São João","Guarulhos","SP","","","-23.3965385","-46.4557065","Instituição religiosa","24/03/2026","Importação PDF"
"Igreja Evangélica Pentecostal Nação De Avivamento","Evangélica Pentecostal","","Estr. do Saboó, 876","São João","Guarulhos","SP","","","-23.3298797","-46.441637","Instituição religiosa","24/03/2026","Importação PDF"
"Igreja Evangélica Pentecostal Sonhos De Deus","Evangélica Pentecostal","","R. São Bento Trairí, 223","São João","Guarulhos","SP","","","-23.4072477","-46.4573454","Instituição religiosa","24/03/2026","Importação PDF"
"Igreja Evangélica Assembleia De Deus Vitória","Evangélica Assembleia De Deus","","R. Bom Jesus, 99","São João","Guarulhos","SP","","","-23.4681223","-46.5187817","Instituição religiosa","24/03/2026","Importação PDF"
"Igreja Evangelica Pentecostal Águas Que Curam","Evangelica Pentecostal","","R. São Jomé, 346","São João","Guarulhos","SP","","","-23.4075719","-46.4537778","Instituição religiosa","24/03/2026","Importação PDF"
"Igreja Ministério Conhecereis a Verdade e a Verdade Vós Libertará","Igreja Pentecostal","","Av. Montanhas, 569","São João","Guarulhos","SP","(11) 94651-9245","","-23.4075719","-46.4537778","Ministério Conhecereis a Verdade","24/03/2026","Importação PDF"
"Igreja Evangélica Obra De Restauração Em Guarulhos","Evangélica","","R. Ivan Edmundo Scarameli, 340","São João","Guarulhos","SP","","","-23.4075719","-46.4537778","Instituição religiosa","24/03/2026","Importação PDF"
"Igreja Evangėlica Rei Jesus","Evangėlica","","R. Taipu, 147","São João","Guarulhos","SP","","","-23.4099711","-46.4586859","Instituição religiosa","24/03/2026","Importação PDF"
"Nasci pra Deus - São João","Independente","","Rua do Monumento, 3410","Jardim Lenize","Guarulhos","SP","","","-23.428243","-46.4342746","Ótimo lugar para adorar a Deus, venha participar da presença de Deus","24/03/2026","Importação PDF"
"Missao Global ","Missão Global ","BP Ivan ","Alameda Santo Amaro, 688","Santo Amaro","São Paulo","SP","11961710266","pastorivanplenitude@gmail.com","-23.6586489","-46.7057647","","23/03/2026","Auto:Bispo Ivan / Guti"
"Igreja Reconciliação em Cristo","Igreja Reconciliação em Cristo","Pr. Igor","Rua Alzimar Vargas Batista, 334","Continental","Continental","SP","13-992113543","","-23.4317198","-46.5538319","","23/03/2026","Importação PDF"
"Igreja Reconciliação em Cristo","Igreja Reconciliação em Cristo","Pr. Igor","Av. Visconde de Cairu, 144","Ferrazópolis","Sao Bernado do Campo","SP","13-992113543","","-23.4538","-46.5333","","23/03/2026","Importação PDF"
"Igreja Pentecostal Ungida","Igreja Pentecostal Ungida","Pastor Jose G. Miranda","Av. Monte Alegre, 716","Soberana","Guarulhos","SP","11 960636751","","-23.4009231","-46.4436165","","23/03/2026","Importação PDF"
"Zele Church","","","Av. Jacu-Pêssego, 7639","Itaquera","São Paulo","SP","(11) 94076-2481","","-23.5386117","-46.4506914","CEP: 08290-250","23/03/2026","Importação PDF"
"Igreja Evangelica Pentecostal O Poder da Palavra","Igreja Evangelica Pentecostal","Pastor Richard","Rua Raimundo Palmas, 367","Parque Continental 1","Guarulhos","SP","","","-23.429809","-46.5528131","","21/03/2026","Importação PDF"
"Igreja Mesa","","","Av. Tiradentes, 1941","Cidade Maia","Guarulhos","SP","(11) 95054-2626","","-23.4614808","-46.5240026","CEP: 07113-001","21/03/2026","Importação PDF"
"Assembleia de Deus","Ministério Parque São Rafael ","Marco Lisboa ","Rua Poços de Caldas , 35","Jardim Nova América","Hortolândia ","SP"," 19 98290-9077","","-23.4538","-46.5333","","20/03/2026","Auto:Hortolandia - Adeildo"
"Assembleia de Deus Min Paulistana Litoral","Ass.de Deus paulistana ","Pr. Anderson ","Rua Nossa Senhora Aparecida, 178","Vila Zilda","Guarujá","SP","13981029863","andersonmeira301@gmail.com","-23.9701353","-46.2461654","","20/03/2026","Auto:Guarujá - Pr. Anderson"
"Igreja Ministério Profético Tetelestai","Ministério independente ","Pastor Uziel Rolim Machado ","Rua Rio de Janeiro, 262","Vila Nova","Cubatão","SP","13 99144-1502","uzielrolim9@gmail.com","-23.4538","-46.5333","","20/03/2026","Auto:Cubatão Dr. Daniel"
"Revivendo na palavra ","Assembleia de Deus ","Diego Pageu ","Paulo villar, 11","Padroeira","Osasco","SP","11954488209","diegopageudonascimento@gmail.com","-23.4538","-46.5333","","19/03/2026","Auto:Osasco - Pr. Diego"
"Igreja Assembleia de Deus Filadelfia","Assembleia de Deus Filadelfia","Pastor Eronildo Caetano","Av. Delfinopolis, 344","Cidade Serodio","Guarulhos","SP","11-99176 9384","","-23.415981","-46.4633226","CEP: 07150-010","19/03/2026","Importação PDF"
"Igreja Karisma","","Pastor Cleibson","Rua São Tiago,165","Jardim Cocaia","Guarulhos","SP","","","-23.4393913","-46.5208868","","19/03/2026","Importação PDF"
"Igreja Assembleia de Deus - Nosso Refugio","Assembleia de Deus","Apostolo Lailson","Rua Lençois Paulista, 311","Jardim Bela Vista","Guarulhos","SP","","","-23.4353985","-46.5156038","","19/03/2026","Importação PDF"
"Igreja Assembleia de Deus Parque São Rafael","Assembleia de Deus","","Rua Professor Ciro Formicola, 540","Parque São Rafael","Guarulhos","SP","","","-23.47271","-46.49988","CEP: 08311-240","19/03/2026","Importação PDF"
"Assembleia de Deus Ministerio Paulistana Litoral","Assembleia de Deus Ministerio Paulistana Litoral","Pastor Valmir","Rua Sebastiana Selite Agrela, 14330","Anhanguera","Praia Grande","SP","13-99792 2709","","-24.0211044","-46.4830648","","19/03/2026","Importação PDF"
"Comunidade Cristã Paz e Vida","Comunidade Cristã Paz e Vida","Pr. JuanRibe Pagliarim","Av. Cruzeiro do Sul, 1965","Santana","Santana","SP","11 950037373","","-23.5136798","-46.6255641","","19/03/2026","Importação PDF"
"Igreja Reinar Church","Reinar Church","Bispo Jacques","Rua Abilio Pedro Ramos, 372","Jacana","Guarulhos","SP","11 94756-8170","","-23.4641","-46.5744","Publico estimado em 80 pessoas","19/03/2026","Importação PDF"
"Igreja Makarios Church","","Pastor Oliveira","Rua Treze de Maio, 569","Vila Galvão","Guarulhos","SP","11 9911-7373","","-23.4536675","-46.5669017","Publico estimado de 250 pessoas","19/03/2026","Importação PDF"
"Igreja Agape Resgatando Vidas","","Pastor Adenilson","Rua Alcyba Yanssen, 88","Parque Dantas Marmirolli","Sumare","SP","","","-23.47352","-46.50508","","19/03/2026","Importação PDF"
"Igreja Assembléia de Deus Aliança Renovada com Deus","Assembléia de Deus","Pr. Alexandre Silva","Rua Filomena Dantas número 301","","Guarulhos","SP","","","-23.46559","-46.53323","40 membros","19/03/2026","Importação PDF"
"Igreja Assembleia de Deus Ministerio Parque São Rafael","Assembleia de Deus","Pastor Marcos Lisboa","Rua Alice Bomfin da Silva, 21","Jardim Nova America","Hortolandia","SP","","","-23.4682","-46.495","80 membros","19/03/2026","Importação PDF"
"Igreja Pentecostal Divina Unção de Deus","Pentecostal","Bispo Santiago","Rua Raimundo Alves Marques, 179","Jardim Leonor Franco","Mogi Guaçu","SP","","","-23.45308","-46.55913","","19/03/2026","Importação PDF"
"Assembleia de Deus da Missão no Brasil","Assembleia de Deus da Missão no Brasil","","R. Maxímiano Rita, 626","Jardim Calegari","Sumaré","SP","","","-22.8511049","-47.1940478","Em torno de 100 membros, CEP: 13181-792","19/03/2026","Importação PDF"
"Igreja Evangelica Assembleia de Deus Ministério Mão Forte","Assembleia de Deus ministerio Mão Forte","Pastor João Maximino","Rua Rodrigues Vilares 270","Jardim Iporanga","São Paulo","SP","11-94568 8341","","-23.7271039","-46.7040885","","18/03/2026","Importação PDF"
"Comunidade Internacional Encontro de Vasos ","Independente ","Bispa Luzinete ","Av. Maria Amália Lopes de Azevedo , 3271","Tremembe","São Paulo ","SP","","","-23.43575","-46.59146","","17/03/2026","Autocadastro"
"Reinar Church","","Bispo Jacques","Rua ABilio Pedro Ramos , 372","Jacana","Guarulhos","SP","11- 947568170","","-23.4614634","-46.5768264","","17/03/2026","Importação PDF"
"Igreja Redenção Apostólica Profetica","Apostólica Profética","Pastor Paulo Pedro","Rua Celso , 310","Vila Progresso","Guarulhos","SP","11 947151593","","-23.4579629","-46.5364278","","11/03/2026","Importação PDF"
"Igreja Unida","Igreja Unida","Pr. Márcio Antônio Couto","Av. João Veloso da Silva, 96","CUMBICA","Guarulhos","SP","11 98900-0529","","-23.4523772","-46.4826942","","11/03/2026","Importação PDF"
"Igreja Assembleia de Deus New Holpe","Assembleia de Deus","Pasto Irapuan","Rua NicolauFalci, 81","Jardim Adriana","Guarulhos","SP","11 961622521","","-23.4255349","-46.5217048","","02/03/2026","Importação PDF"
"CGMIB - Convenção Geral de Ministros e Igrejas do Brasil","Organização religiosa","","R. Dr. Carlos Aparecido Rabêlo de Freitas, N","Vila Barros","Guarulhos","SP","(11) 94008-2114","","-23.4413313","-46.5037912","5,0(1)","02/03/2026","Importação PDF"
"Ministério Queslon Church","Igreja","","R. Líbano, 453","Vila Barros","Guarulhos","SP","(11) 96414-2084","","-23.4494415","-46.5126541","4,8(24)","02/03/2026","Importação PDF"
"Igreja em Guarulhos","Igreja","","R. Hungria, 6","Vila Barros","Guarulhos","SP","","","-23.4480608","-46.5136451","3,5(2)","02/03/2026","Importação PDF"
"ASY Gospel Church ""Igreja Atalaias do Senhor Yahveh""","Igreja evangélica","","R. Eugênio Diamante, 471","Vila Barros","Guarulhos","SP","(11) 96759-6542","","-23.445427","-46.5039102","4,5(17)","02/03/2026","Importação PDF"
"Assembléia de Deus Ministério Defesa da Fé","Igreja gospel","","R. Dóris Guimarães, 58","Vila Barros","Guarulhos","SP","","","-23.4464694","-46.5014262","5,0(1)","02/03/2026","Importação PDF"
"Ministério Apostólico Shemitah","Igreja","","R. Guilherme Lino dos Santos, 496","Vila Barros","Guarulhos","SP","","","-23.4523156","-46.5030725","5,0(6)","02/03/2026","Importação PDF"
"Assembléia da Igreja Pentecostal Monte Horebe","Igreja Pentecostal","","R. Inglaterra, 342","Vila Barros","Guarulhos","SP","","","-23.4495206","-46.5109534","5,0(5)","02/03/2026","Importação PDF"
"Igreja A D P SENJUS","Igreja","","R. Bernardo Rodrigues Fernandes, 24","Vila Barros","Guarulhos","SP","","","-23.4464902","-46.5038739","5,0(2)","02/03/2026","Importação PDF"
"Assembléia de Deus Londres","Igreja evangélica","","R. Eugênio Diamante, 63","Vila Barros","Guarulhos","SP","","","-23.4469517","-46.5059739","3,0(1)","02/03/2026","Importação PDF"
"Igreja Evangelica Assembleia de Deus","Igreja","","Rua N, 14","Vila Barros","Guarulhos","SP","","","-23.4497587","-46.5505548","3,7(3)","02/03/2026","Importação PDF"
"Igreja Evangélica Resgate Cristo","Instituição religiosa","","R. Ituiutaba, 54","Vila Barros","Guarulhos","SP","","","-23.4514832","-46.5067904","Nenhum comentário","02/03/2026","Importação PDF"
"Ministério em Cristo Edificado sobre a Rocha","Igreja evangélica","","R. Laranjeiras, 85","Vila Barros","Guarulhos","SP","","","-23.4436674","-46.5039701","5,0(1)","02/03/2026","Importação PDF"
"AD Deus que Sara","Igreja","","R. Iguatama, 180","Vila Barros","Guarulhos","SP","","","-23.4404756","-46.5078559","5,0(67)","02/03/2026","Importação PDF"
"Igreja Pentecostal Deus É Amor","Instituição religiosa","","R. Caravari, 40","Vila Barros","Guarulhos","SP","","","-23.4464902","-46.5038739","Nenhum comentário","02/03/2026","Importação PDF"
"Quartel general de Jeová","Igreja Discípulos de Cristo","","R. Reg. Feijó","Vila Barros","Guarulhos","SP","(11) 2401-8236","","-23.4464902","-46.5038739","5,0(1)","02/03/2026","Importação PDF"
"Comunidade Jesus","Instituição religiosa","","R. São Miguel dos Campos, 641","Vila Barros","Guarulhos","SP","","","-23.4488605","-46.504434","Nenhum comentário","02/03/2026","Importação PDF"
"Assembléia de Deus Ministério Real Família","Igreja Assembleia de Deus","","R. Aurora do Norte, 147","Vila Barros","Guarulhos","SP","","","-23.4460691","-46.50321","2,5(2)","02/03/2026","Importação PDF"
"Igreja Batista Unida","Igreja Batista","","R. Constantino Burato, 527","Vila Barros","Guarulhos","SP","","","-23.4529784","-46.5072254","5,0(3)","02/03/2026","Importação PDF"
"Familia Crista Associacao Sociedade Unidade Ii","Igreja","","R. José Caldeira, 148","Vila Barros","Guarulhos","SP","(11) 2279-0175","","-23.4490019","-46.5031616","4,0(8)","02/03/2026","Importação PDF"
"Igreja Evangelica Pentecostal Divino Jesus","Igreja","","R. Maravilhas, 244","Vila Barros","Guarulhos","SP","","","-23.4483412","-46.5117667","4,8(19)","02/03/2026","Importação PDF"
"Jardim de Oração","Igreja Pentecostal","","R. Aparecida Goiânia, 34","Vila Barros","Guarulhos","SP","","","-23.4468846","-46.4992134","5,0(2)","02/03/2026","Importação PDF"
"Igreja Evangélica Pentecostal Hora de Vencer","Igreja Pentecoastal","Pr. não nomeado","R. Caldas Novas, 134","Vila Barros","Guarulhos","SP","","","-23.4474912","-46.4991808","4,9(22) - Pastor anjo de Deus.","02/03/2026","Importação PDF"
"Igreja Evangélica Maanaim","Igreja evangélica","","R. Laranjeiras, 73","Vila Barros","Guarulhos","SP","","","-23.4436674","-46.5039701","4,4(5)","02/03/2026","Importação PDF"
"Igreja Evangélica Avivamento Bíblico","Igreja gospel","","R. José Lins do Rêgo, 241","Vila Barros","Guarulhos","SP","(11) 98102-0215","","-23.4422387","-46.5109103","5,0(20)","02/03/2026","Importação PDF"
"Igreja Bola De Neve - Vila Florida","Igreja evangélica","","R. José Volpi, 98","Vila Florida","Guarulhos","SP","(11) 3672-6010","","-23.4538877","-46.5095698","4,0(1)","02/03/2026","Importação PDF"
"Igreja Videira Guarulhos","Igreja evangélica","","Av. Papa Pio XII, 866","Macedo/Vila Florida","Guarulhos","SP","(11) 94070-8034","","-23.4591616","-46.5212425","4,9(225)","02/03/2026","Importação PDF"
"Igreja Evangélica Independente Deus é Fiel","Igreja gospel","","R. Cristolandia, 238","Vila Barros","Guarulhos","SP","","","-23.4449735","-46.5007087","4,8(12)","02/03/2026","Importação PDF"
"Congregação Cristã no Brasil - Jardim Eliana","Igreja cristã","","R. Síria, 154","Jardim Eliana","Guarulhos","SP","","","-23.4511666","-46.5103479","4,8(249)","02/03/2026","Importação PDF"
"Igreja Presbiteriana Betel Guarulhos","Igreja Presbiteriana","","R. José Volpi, 151","Vila Florida / Vila Barros","Guarulhos","SP","(11) 2404-4011","","-23.4538877","-46.5095698","4,9(87)","02/03/2026","Importação PDF"
"Assembléia de Deus","Igreja evangélica","","R. Sandovalina, 15","Vila Barros","Guarulhos","SP","","","-23.4449626","-46.5073152","4,4(9)","02/03/2026","Importação PDF"
"Igreja Evangélica Missionária Templo Da Fé","Instituição religiosa","","Edificio Ventura - R. São Miguel dos Campos, 734","Vila Barros","Guarulhos","SP","","","-23.4464902","-46.5038739","Nenhum comentário","02/03/2026","Importação PDF"
"Igreja Crista Nova Vida","Instituição religiosa","","R. José Gomes Otero, 97","Vila Barros","Guarulhos","SP","","","-23.4535195","-46.5070571","Nenhum comentário","02/03/2026","Importação PDF"
"Igreja Tenrikyo Brasil Koshihiro","Igreja","","R. Suíça, 217","Vila Barros","Guarulhos","SP","(11) 4372-9024","","-23.4511458","-46.5111512","5,0(8)","02/03/2026","Importação PDF"
"IEP SÓ DEUS RESGATA ISRAEL","Igreja","","R. Bela Vista de Goiás, 118","Vila Barros","Guarulhos","SP","","","-23.4495942","-46.4999471","Nenhum comentário","02/03/2026","Importação PDF"
"Ministério Águia de Cristo","Igreja","","R. José Caldeira, 41","Vila Barros","Guarulhos","SP","(11) 98352-3196","","-23.4490019","-46.5031616","3,7(3)","02/03/2026","Importação PDF"
"Assembleia De Deus M. Madureira","Igreja Assembleia de Deus","","R. Alemanha","Vila Barros","Guarulhos","SP","","","-23.4487533","-46.5112235","5,0(13)","02/03/2026","Importação PDF"
"IGREJA EU SOU O QUE SOU ALFA E ÔMEGA","Igreja cristã","","R. Aporé","Vila Barros","Guarulhos","SP","(11) 99157-7279","","-23.4482347","-46.5042068","Nenhum comentário","02/03/2026","Importação PDF"
"Comunidade Evangélica Misericórdia, Graça e Luz","Igreja gospel","","R. Pedro Volpi, 416","Vila Barros","Guarulhos","SP","","","-23.451968","-46.5074922","5,0(4)","02/03/2026","Importação PDF"
"Comunidade São Paulo Apóstolo Vila Barros","Igreja católica","","R. Fonte Boa, 173","Vila Barros","Guarulhos","SP","(11) 2468-2215","","-23.4468702","-46.5034125","4,8(28)","02/03/2026","Importação PDF"
"Ministério Trazendo Cristo as Nações","Igreja evangélica","","R. Eugênio Diamante, 425","Vila Barros","Guarulhos","SP","","","-23.4481323","-46.5081089","4,7(186)","02/03/2026","Importação PDF"
"Congregação Cristã no Brasil - Vila Barros","Igreja","","R. Fortaleza de Minas, 199","Vila Barros","Guarulhos","SP","","","-23.4485802","-46.5002001","5,0(2)","02/03/2026","Importação PDF"
"Assembleia de Deus Min. Madureira","Igreja Assembleia de Deus","","R. Fonte Boa, 409","Vila Barros","Guarulhos","SP","","","-23.4468702","-46.5034125","4,8(28)","02/03/2026","Importação PDF"
"Igreja pentecostal Fé em Cristo","Igreja Pentecostal","","R. Ubai, n° 239","Vila Barros","Guarulhos","SP","","","-23.4524949","-46.5068596","4,8(22)","02/03/2026","Importação PDF"
"Igreja Cristã Tabernáculo de Oração","Igreja cristã","","R. Líbano, 539","Vila Barros","Guarulhos","SP","","","-23.4494415","-46.5126541","Nenhum comentário","02/03/2026","Importação PDF"
"Igreja Ministério da Paz Taquari","Igreja","","100, R. Paraúna, 72","Vila Barros","Guarulhos","SP","","","-23.461622","-46.539343","1,0(1)","02/03/2026","Importação PDF"
"Igreja Evangélica Obra da Restauração","Igreja gospel","","R. Hungria, 290","Vila Barros","Guarulhos","SP","","","-23.4480608","-46.5136451","4,6(9)","02/03/2026","Importação PDF"
"Igreja Evangélica Ministerial Águia de Cristo - Ministério Águia de Cristo","Templo","","R. José Caldeira, 41","Vila Barros","Guarulhos","SP","(11) 98352-3196","","-23.4490019","-46.5031616","5,0(6)","02/03/2026","Importação PDF"
"Igreja Internacional Caminhando Com Cristo","Instituição religiosa","","R. Dóris Guimarães, 82","Vila Barros","Guarulhos","SP","","","-23.4464694","-46.5014262","Nenhum comentário","02/03/2026","Importação PDF"
"Ministério Casa e Adoração","Igreja","","R. Constantino Burato, 71","Vila Barros","Guarulhos","SP","","","-23.4530981","-46.5060105","Nenhum comentário","02/03/2026","Importação PDF"
"Comunidade Evangélica Adoração","Igreja gospel","","R. São Miguel dos Campos, 115","Vila Barros","Guarulhos","SP","","","-23.4488605","-46.504434","Nenhum comentário","02/03/2026","Importação PDF"
"Igreja Pentecostal Jesus é a Esperança","Igreja evangélica","","R. Joãozinho, 155","Vila Barros","Guarulhos","SP","","","-23.4469463","-46.5112301","5,0(2)","02/03/2026","Importação PDF"
"Igreja Cristã Tabernáculo Oração","Templo","","R. Líbano, 14","Vila Barros","Guarulhos","SP","(11) 2401-9114","","-23.4494415","-46.5126541","4,0(1)","02/03/2026","Importação PDF"
"Igreja Evangelica Pentecostal So De","Igreja","","R. Boca do Acre, 83","Vila Barros","Guarulhos","SP","","","-23.4464902","-46.5038739","Nenhum comentário","02/03/2026","Importação PDF"
"COMUNIDADE EVANGÉLICA MENSAGEIROS DA PAZ","COMUNIDADE EVANGÉLICA","Ap. Aguinaldo Dias de Carvalho","Rua Curió, 189","Jardim Valéria","Guarulhos","SP","","","-23.4240356","-46.5327778","CNPJ 09.255.161/0001-09, CEP 07124-660","02/03/2026","Importação PDF"
"1º TABERNÁCULO DA TRINDADE DO DEUS VIVO","","Pr. Josemauro Santos Silva","Rua Servidão da passagem, 434","Vila União","Guarulhos","SP","","","-23.404883","-46.474473","CNPJ 29.253.417/0001-48, CEP 07145-405","02/03/2026","Importação PDF"
"IGREJA ASSEMBLEIA DE DEUS MINISTÉRIO ATÉ AQUI NÓS AJUDOU O SENHOR","ASSEMBLEIA DE DEUS","Pra. Rosangela da Conceição de Souza","Rua Eldorado dos Carajás, 397","Anita Garibaldi","Guarulhos","SP","","","-23.4119865","-46.4182906","CNPJ 03.393.414/0001-16, CEP 07179-810","02/03/2026","Importação PDF"
"IGREJA EVANGÉLICA ASSEMBLEIA DE DEUS DO ATALAIA – PQ SANTOS DUMONT","EVANGÉLICA ASSEMBLEIA DE DEUS","Pr. José Reinaldo Oliveira dos Santos","Rua Mario Lago, 306","Jardim Munira","Guarulhos","SP","","","-23.402247","-46.4754172","CNPJ 05.163.273/0001-70, CEP 07152-710","02/03/2026","Importação PDF"
"IGREJA EVANGÉLICA ASSEMBLEIA DE DEUS MINISTÉRIO DO TABOÃO EM GUARULHOS/SP – JD MARILENA","EVANGÉLICA ASSEMBLEIA DE DEUS","Pr. Ozéias Benones da silva","Rua Maria José Alves, 1537","Jardim Marilena","Guarulhos","SP","","","-23.4216124","-46.4964429","CNPJ 03.393.414/0001-16, CEP 07140-383","02/03/2026","Importação PDF"
"IGREJA ASSEMBLÉIA DE DEUS MINISTÉRIO CIDADE NOVA BONSUCESSO - SEDE","ASSEMBLÉIA DE DEUS","Pr. Thiago Cesar Cabral","Rua São Sebastião da Boa Vista, 972","Jardim Marilena","Guarulhos","SP","","","-23.4227052","-46.4950161","CNPJ 05.343.042/0001-49, CEP 07140-390","02/03/2026","Importação PDF"
"IGREJA EVANGÉLICA ASSEMBLEIA DE DEUS MINISTÉRIO DA PAZ","EVANGÉLICA ASSEMBLEIA DE DEUS","Pr. Iraildo da Conceição Silva","Avenida Otávio Braga de Mesquita, 3.379","Jardim São Geraldo","Guarulhos","SP","","","-23.4625288","-46.51204","CNPJ 08.985.043/0001-85, CEP 07140-230","02/03/2026","Importação PDF"
"IGREJA EVANGÉLICA ASSEMBLEIA DE DEUS MINISTÉRIO DO TABOÃO EM GUARULHOS/SP – JD SANTA RITA","EVANGÉLICA ASSEMBLEIA DE DEUS","Pr. Ozéias Benones da silva","Rua Santo Antônio Aventureiro, 299","Jardim Kawamoto","Guarulhos","SP","","","-23.4271894","-46.5003873","CNPJ 03.393.414/0001-16, CEP 07143-040","02/03/2026","Importação PDF"
"IGREJA MISSÃO NOVA JERUSALEM","MISSÃO NOVA JERUSALEM","Pr. Rodrigo de Jesus","Rua Corumbaíba, 123","Jardim Artidoro","Guarulhos","SP","","","-23.4562179","-46.5544498","CNPJ 50.019.877/0001-00, CEP 07062-173","02/03/2026","Importação PDF"
"IGREJA MISSIONÁRIA SENHOR AVIVA A SUA OBRA","MISSIONÁRIA","Mis. Ednolia Silva Araújo","Rua Zumbi dos Palmares, 72","Anita Garibaldi","Guarulhos","SP","","","-23.410975","-46.4162243","CNPJ 37.701.236/0001-65, CEP 07179-815","02/03/2026","Importação PDF"
"IGREJA SEMEANDO","","Pr. Osiel Marinho Sabino","Rua Izaura Speca Pinto, 291","Parque Continental","Guarulhos","SP","","","-23.4232822","-46.5527583","CNPJ 55.562.018/0001-79, CEP 07080-015","02/03/2026","Importação PDF"
"I.P. DEUS DE PODER E GLORIA - SEDE","I.P.","Pr. Jorge Claudio Viana","Rua Juquitiba, 696","Vila Florida","Guarulhos","SP","","","-23.4558112","-46.5118764","CNPJ 29.642.380/0001-40, CEP 07196-040","02/03/2026","Importação PDF"
"IGREJA PENTECOSTAL PROGRESSO A VOZ DA VERDADE MINISTERIO PONTE ALTA","PENTECOSTAL","Pr. Raimundo Nonato Gregório da Silva","Rua Terra e Liberdade, 82","Anita Garibaldi","Guarulhos","SP","","","-23.4141169","-46.4168847","CNPJ 27.983.184/0001-03, CEP 07179-855","02/03/2026","Importação PDF"
"IGREJA PENTECOSTAL ALIANCA EM CRISTO","PENTECOSTAL","Pr. Erisson Martins da Silva","Avenida Manoel Isidoro Martins, 209","Cidade Martins","Guarulhos","SP","","","-23.468205","-46.486259","CNPJ 23.422.951/0001-54, CEP 07132-280","02/03/2026","Importação PDF"
"I.P. DEUS NÃO DESISTIU DE VOCÊ","I.P.","Pra. Fabiana Cristina Leite de Lima","Rua Brasília Castanho de Oliveira, 121 / fundos","Vila Lanzara","Guarulhos","SP","","","-23.4586994","-46.5321315","CNPJ 30.145.727/0001-28, CEP 07115-010","02/03/2026","Importação PDF"
"I.E.P. LÂMPADA PARA OS MEUS PÊS E LUZ PARA MEU CAMINHO É A TUA PALAVRA","I.E.P.","Pr. Rogério Nery Santos","Rua Rafael Dias Gomes, 540","Vila Sitio dos Morros","Guarulhos","SP","","","-23.4","-46.417","CNPJ 54.426.601/0001-90, CEP 07135-715","02/03/2026","Importação PDF"
"IGREJA EVANGÉLICA DE JESUS CRISTO COMUNIDADE GUARULHOS","EVANGÉLICA DE JESUS CRISTO","Pra. Ana Alexandre Fortunato","Avenida Santana do Mundaú, 1.175","Parque Alvorada","Guarulhos","SP","","","-23.4429365","-46.4207119","CNPJ 38.480.944/0001-86, CEP 07242-190","02/03/2026","Importação PDF"
"IGREJA EVANGÉLICA DEUS REINA","EVANGÉLICA","Pr. Vicente Celestino de Moraes","Rua Siderópolis, 210","Jardim Jovaia","Guarulhos","SP","","","-23.4333036","-46.5172891","CNPJ 30.735.546/0001-51, CEP 07132-230","02/03/2026","Importação PDF"
"MINISTÉRIO DIGNO É O CORDEIRO FOI POR VOCÊ","MINISTÉRIO DIGNO É O CORDEIRO","Pr. Reinaldo Nunes","Rua Zeferino Alves de Oliveira, 776","Jardim Ponte Alta I","Guarulhos","SP","","","-23.4041918","-46.4170458","CNPJ 20.485.698/0001-90, CEP 07179-260","02/03/2026","Importação PDF"
"IGREJA PENTECOSTAL O TABERNÁCULO DA NOVA ALIANÇA COM CRISTO","PENTECOSTAL","Pr. Vanderlei José da Costa","Rua José Luiz Alves de Souza, 80","Jardim Ponte Alta I","Guarulhos","SP","","","-23.4088615","-46.4154474","CNPJ 24.472.340/0001-83, CEP 07179-100","02/03/2026","Importação PDF"
"IGREJA EVANGÉLICA FAMÍLIA É BÊNÇÃO DO SENHOR","EVANGÉLICA","Pr. Marivaldo Silva Ribeiro","Rua Tubarão, 111","Jardim Jovaia","Guarulhos","SP","","","-23.447551","-46.549247","CNPJ 47.291.030/0001-68, CEP 07132-260","02/03/2026","Importação PDF"
"IGREJA LUGAR DE PAZ","","Pr. Fabio Silva Batista","Rua Wilson Messias, 187","Jardim Adriana","Guarulhos","SP","","","-23.4234395","-46.5217738","CNPJ 39.667.642/0001-84, CEP 07135-170","02/03/2026","Importação PDF"
"I.P. BERESHIT ADONAI","I.P.","Pr. Antônio Amorim de Medeiros","Rua Adevilson Estevam dos Santos, 49","Jardim Ponte Alta II","Guarulhos","SP","","","-23.385","-46.425","CNPJ 29.253.417/0001-48, CEP 07179-710","02/03/2026","Importação PDF"
"IGREJA PENTECOSTAL TEMPLO DA GLÓRIA ETERNA DO TRONO DE DEUS","PENTECOSTAL","Pr. Ailton Nery da Cruz","Rua Ouro Preto, 70","Nova Ponte Alta","Guarulhos","SP","","","-23.4080843","-46.4450151","CNPJ 47.550.724/0001-72, CEP 07179-493","02/03/2026","Importação PDF"
"IGREJA CASA DE ORAÇÃO EMANUEL DEUS CONOSCO","","Pra. Maria Aparecida da Fonseca Luciano de Oliveira","Rua Luís Carlos Werzel, 29","Jardim Ponte Alta I","Guarulhos","SP","","","-23.4054195","-46.4192901","CNPJ 62.157.511/0001-79, CEP 07179-335","02/03/2026","Importação PDF"
"MINISTÉRIO BARUCH","MINISTÉRIO BARUCH","Pr. Roberto Baruch","Rua Inglaterra, 552","Jardim São Francisco","Guarulhos","SP","","","-23.4408605","-46.459252","CNPJ 51.312.624/0001-85, CEP 07195-170","02/03/2026","Importação PDF"
"MINISTÉRIO DE ADORAÇÃO BETEL","MINISTÉRIO DE ADORAÇÃO","Pra. Dorgival Belo da Silva Filho","Rua Santa Cecilia Pavão, 132","Jardim Jovaia","Guarulhos","SP","","","-23.447496","-46.54927","CNPJ 32.563.290/0001-78, CEP 07132-060","02/03/2026","Importação PDF"
"IGREJA PENTECOSTAL VOAR COMO AGUIA","PENTECOSTAL VOAR COMO AGUIA","Pr. José Wilson Cavalcante de Souza","Rua ANTONIO MARQUES, 276","Jardim Divinolândia","Guarulhos","SP","","","-23.4371167","-46.5116422","CNPJ 51.998.999/0001-40, CEP 07133-180","02/03/2026","Importação PDF"
"IGREJA EVANGÉLICA ASSEMBLEIA DE DEUS MAIS GRAÇA","EVANGÉLICA ASSEMBLEIA DE DEUS","Pr. Marcos Santos","Rua Rafael da Silva Santos, 53","Jardim Santa Paula","Guarulhos","SP","","","-23.4104658","-46.42103","CNPJ 45.919.376/0001-32, CEP 07179-167","02/03/2026","Importação PDF"
"IGREJA ASSEMBLEIA DE DEUS MINISTÉRIO JESUS VEIO A TERRA","ASSEMBLEIA DE DEUS","Pr. Domingos Almeida de Jesus","Rua Quatorze, 18","Jardim Santo Afonso","Guarulhos","SP","","","-23.4711414","-46.4397896","CNPJ 38.185.603/0001-88, CEP 07215-220","02/03/2026","Importação PDF"
"ASSEMBLEIA DE DEUS MINISTÉRIO NOVA ALIANÇA – SEDE","ASSEMBLEIA DE DEUS","Pr. Paulo Alves de Oliveira","Rua Anagé, 360","Jardim Presidente Dutra","Guarulhos","SP","","","-23.4195808","-46.4332531","CNPJ 08.445.990/0001-83, CEP 07172-060","02/03/2026","Importação PDF"
"ASSEMBLEIA DE DEUS MINISTÉRIO NOVA ALIANÇA - JD: SÃO JOÃO","ASSEMBLEIA DE DEUS","Pr. Paulo Alves de Oliveira","Avenida Sagres, 570","Jardim São João","Guarulhos","SP","","","-23.4082959","-46.4569405","CNPJ 08.445.990/0003-45, CEP 07151-300","02/03/2026","Importação PDF"
"ASSEMBLEIA DE DEUS MISSOES PARA NACOES","ASSEMBLEIA DE DEUS","Pr. Claudionor Santos Novais","Rua Bom Jardim das Minas, 292 / casa 02","Parque Santo Agostinho","Guarulhos","SP","","","-23.4329204","-46.4957701","CNPJ 62.235.490/0001-62, CEP 07140-280","02/03/2026","Importação PDF"
"COMUNIDADE CRISTA EM UNIDADE","COMUNIDADE CRISTA","Pr. Márcio Pires Storino","Rua Wilson Souza, 313","Jardim Rosa de França","Guarulhos","SP","","","-23.4420621","-46.5563827","CNPJ 52.370.093/0001-40, CEP 07081-280","02/03/2026","Importação PDF"
"COMUNIDADE EVANGELICA O SENHOR QUE SARA","COMUNIDADE EVANGELICA","Pra. Rosangela Dias da Silva","Rua Maria Paula Motta, 1389","Jardim Presidente Dutra","Guarulhos","SP","","","-23.417446","-46.4405375","CNPJ 19.757.413/0001-43, CEP 07171-140","02/03/2026","Importação PDF"
"IGREJA ASSEMBLEIA PENTECOSTAL RENOVO DE JESSÉ","ASSEMBLEIA PENTECOSTAL","Pr. Jonas Paschoal Ribeiro dos Santos Júnior","Rua Anori, 57","Jardim Bom Clima","Guarulhos","SP","","","-23.4448606","-46.5178055","CNPJ 33.430.383/0001-97, CEP 07122-080","02/03/2026","Importação PDF"
"IGREJA BATISTA REFORMADA PARAISO","BATISTA REFORMADA","Pr. André Fernandes dos Santos","Rua Professor Vasco de Queiroz Guimarães, 67","Jardim Bom Clima","Guarulhos","SP","","","-23.4493732","-46.516758","CNPJ 27.746.408/0001-63, CEP 07122-220","02/03/2026","Importação PDF"
"IGREJA COMUNIDADE CRISTÃ ALCANÇANDO UMA GERAÇÃO","COMUNIDADE CRISTÃ","Pr. Luciano Romão","Rua Paulo Freire, 36","Parque Continental II","Guarulhos","SP","","","-23.4308055","-46.5538412","CNPJ 39.808.942/0001-36, CEP 07084-220","02/03/2026","Importação PDF"
"IGREJA UNIÃO PENTECOSTAL NOVA VIDA EM DEUS","UNIÃO PENTECOSTAL NOVA VIDA EM DEUS","Pr. Francisco Rodrigues da Silva","Viela Abril, nº. 370","Jardim Palmira","Guarulhos","SP","","","-23.435564","-46.5576733","CNPJ 21.169.464/0001-04, CEP 07075-132","02/03/2026","Importação PDF"
"IGREJA PENTECOSTAL RESPLENDECER WITH CRISTO - SEDE","PENTECOSTAL","Pr. Jorge dos Santos Vieira","Rua Benedito Valadares Ribeiro, 199","Vila Nova Cumbica","Guarulhos","SP","","","-23.4590019","-46.4634966","CNPJ 09.360.492/0001-09, CEP 07231-010","02/03/2026","Importação PDF"
"IGREJA EVANGÉLICA GRAÇA EM CRISTO","EVANGÉLICA","Pr. Rogivaldo Coelho","Estrada Do Elenco, 4426","Jardim Bananal","Guarulhos","SP","","","-23.4160928","-46.495593","CNPJ 50.733.718/0001-65, CEP 07142-700","02/03/2026","Importação PDF"
"IGREJA EVANGÉLICA INTERNACIONAL VIDA PLENA","EVANGÉLICA INTERNACIONAL","Pr. Joselito das Neves Silva","Rua André Paperini, 57","Jardim Angélica","Guarulhos","SP","","","-23.4564942","-46.4166873","CNPJ 30.068.755/0001-99, CEP 07260-460","02/03/2026","Importação PDF"
"I.E.P. BOAS NOVAS - SEDE","I.E.P.","Mis. Ivone Costa da Silva Bispo","Rua Antônio D’ Agostinho, nº 153","Jardim Dourado","Guarulhos","SP","","","-23.4603622","-46.5408154","CNPJ 52.376.837/0001-33, CEP 07093-160","02/03/2026","Importação PDF"
"I.P. AOS MONTES DE ISRAEL","I.P.","Pra. Marizete José dos Santos Barone","Rua Augusta Barbosa, 136","Jardim Palmira","Guarulhos","SP","","","-23.4318548","-46.5635506","CNPJ 12.714.534/0001-69, CEP 7076-110","02/03/2026","Importação PDF"
"IGREJA PENTECOSTAL JESUS E O CAMINHO","PENTECOSTAL","Pr. Ademir dos Santos Botaro","Rua Kazuko Fuji Chimizu, 41","Jardim Fortaleza","Guarulhos","SP","","","-23.4001","-46.4243","CNPJ 17.467.641/0001-53, CEP 07153-120","02/03/2026","Importação PDF"
"I.E.P. BOAS NOVAS - JD: Cumbica","I.E.P.","Mis. Ivone Costa da Silva Bispo","RUA Mazagão, 90","Jardim Cumbica","Guarulhos","SP","","","-23.4475","-46.402222","CNPJ 52.376.837/0003-03, CEP 07180-360","02/03/2026","Importação PDF"
"MINISTÉRIO RESTAURANDO VIDAS","MINISTÉRIO RESTAURANDO VIDAS","Pra. Rodrigo Silva Lacerda","Rua João Santana, 218","Jardim Las Vegas","Guarulhos","SP","","","-23.4317865","-46.5438057","CNPJ 54.071.563/0001-08, CEP 07082-320","02/03/2026","Importação PDF"
"MINISTÉRIO PROSSEGUINDO PARA O ALVO","MINISTÉRIO PROSSEGUINDO PARA O ALVO","Pr. Evaldo Mendes de Almeida","Rua Ribeirão Bonito, 164","Jardim São Domingos","Guarulhos","SP","","","-23.4164262","-46.4936128","CNPJ 12.929.945/0001-71, CEP 07142-200","02/03/2026","Importação PDF"
"MINISTÉRIO UMA NOVA JORNADA","MINISTÉRIO UMA NOVA JORNADA","Pr. Rubens Fernandes de Queiroz","Rua Salto Grande, 44","Jardim São Paulo","Guarulhos","SP","","","-23.4384059","-46.5300037","CNPJ 39.546.723/0001-26, CEP 07131-110","02/03/2026","Importação PDF"
"IGREJA PENTECOSTAL ESTRELA DA MANHÃ DEUS CONOSCO","PENTECOSTAL","Pra. Alexsandra Gomes da Silva","Estrada do Elenco, 50","Jardim São Domingos","Guarulhos","SP","","","-23.4035204","-46.4739525","CNPJ 48.1703.071/0001-87, CEP 07142-000","02/03/2026","Importação PDF"
"IGREJA PENTECOSTAL VINHA FRUTÍFERA","PENTECOSTAL","Pr. Genival Cavalcante de Souza","Rua Adianópolis, 28","Vila Maricy","Guarulhos","SP","","","-23.454228","-46.551786","CNPJ 37.724.758/0001-82, CEP 07134-140","02/03/2026","Importação PDF"
"IGREJA EVANGÉLICA CRISTO É ALIANÇA","EVANGÉLICA CRISTO É ALIANÇA","Pr. Antônio José da Silva Filho","Rua Ângelo Del Vequio, 166","Jardim Pinhal","Guarulhos","SP","","","-23.453085823637","-46.5269055602238","CNPJ 09.021.188/0001-29, CEP 07120-210","02/03/2026","Importação PDF"
"IGREJA ASSEMBLEIA DE DEUS ESSA É MINHA FAMÍLIA","ASSEMBLEIA DE DEUS","Pr. Carlos de Andrade Ribeiro","Rua Ribeirão Preto, 46","Cidade Soberana","Guarulhos","SP","","","-23.3969702","-46.438216","CNPJ 37.172.583/0001-48, CEP 07161-290","02/03/2026","Importação PDF"
"IGREJA EVANGÉLICA ASSEMBLEIA DE DEUS MINISTÉRIO DO TABOÃO EM GUARULHOS/SP – SOBERANA","EVANGÉLICA ASSEMBLEIA DE DEUS","Pr. Ozéias Benones da silva","Rua Carolina, 305","Cidade Soberana","Guarulhos","SP","","","-23.4022375","-46.4387533","CNPJ 03.393.414/0001-16, CEP 07161-210","02/03/2026","Importação PDF"
"IGREJA ASSEMBLÉIA DE DEUS MINISTÉRIO CIDADE NOVA BONSUCESSO - FORTALEZA","ASSEMBLÉIA DE DEUS","Pr. Thiago Cesar Cabral","Rua Alberto Marqueti, 254","Jardim Fortaleza","Guarulhos","SP","","","-23.3704058","-46.4454385","CNPJ 05.343.042/0001-49, CEP 07154-190","02/03/2026","Importação PDF"
"IGREJA ASSEMBLÉIA DE DEUS MINISTÉRIO CIDADE NOVA BONSUCESSO - BONSUCESSO","ASSEMBLÉIA DE DEUS","Pr. Thiago Cesar Cabral","Rua São Vicente Ferrer, 900","Vila Nova Bonsucesso","Guarulhos","SP","","","-23.4105645","-46.3881128","CNPJ 05.343.042/0001-49, CEP 07176-090","02/03/2026","Importação PDF"
"ASSEMBLEIA DE DEUS MINISTÉRIO NOVA ALIANÇA - CUMBICA","ASSEMBLEIA DE DEUS","Pr. Paulo Alves de Oliveira","Rua Birigui, 341","Cidade Jardim Cumbica","Guarulhos","SP","","","-23.4541671","-46.4737821","CNPJ 08.445.990/0002-64, CEP 07180-310","02/03/2026","Importação PDF"
"IGREJA ASSEMBLEIA DE DEUS MINISTÉRIO UNÇÃO E MISSÃO","ASSEMBLEIA DE DEUS","Pr. Leandro Pinheiro da Silva","Rua Da Aviação, 97 / A","Vila São Rafael","Guarulhos","SP","","","-23.474593","-46.5594906","CNPJ 19.659.534/0001-52, CEP 07053-140","02/03/2026","Importação PDF"
"IGREJA ASSEMBLEIA DE DEUS MINISTÉRIO SALVAÇÃO PARA TODOS","ASSEMBLEIA DE DEUS","Pr. Maciel Paulino Ferreira","Rua Oito, 155","Parque Primavera","Guarulhos","SP","","","-23.4328557","-46.5193681","CNPJ 20.228.212/0001-38","02/03/2026","Importação PDF"
"IGREJA APOSTÓLICA DEUS ESPIRITO VIDA","IGREJA APOSTÓLICA","Pr. Welton Cabral de Oliveira","Rua Maria Jorge Lombardi, 140","Jardim Álamo","Guarulhos","SP","","","-23.4096682","-46.3762172","CNPJ 41.844.771/0001-42, CEP 07176-600","02/03/2026","Importação PDF"
"IGREJA APOSTÓLICA TENDA DOS MILAGRES MANASSÉS","IGREJA APOSTÓLICA","Pr. Edmilson dos Santos Pereira","Rua Tucuruí, 334","Cidade Tupinambá","Guarulhos","SP","","","-23.4653285","-46.4093953","CNPJ 44.526.880/0001-00, CEP 07263-070","02/03/2026","Importação PDF"
"IGREJA SALVANDO ALMAS PARA CRISTO","","Pr. Márcio Manson","Rua Araraquara, 40","Jardim Bela Vista","Guarulhos","SP","","","-23.4366363","-46.5166613","CNPJ 44.698.922/0001-90, CEP 07132-300","02/03/2026","Importação PDF"
"I.E.P. BOAS NOVAS - Cidade Soberana","I.E.P.","Mis. Ivone Costa da Silva Bispo","AV: Monte Alegre, 1550","Cidade Soberana","Guarulhos","SP","","","-23.4009231","-46.4436165","CNPJ 52.376.837/0002-14, CEP 07161-150","02/03/2026","Importação PDF"
"IGREJA EVANGÉLICA PENTECOSTAL COROA DA VIDA","EVANGÉLICA PENTECOSTAL","Pr. Erivalter Ferreira Mendes","Rua Paquitá, 1.053","Recreio São Jorge","Guarulhos","SP","","","-23.404548","-46.5216892","CNPJ 12.153.579/0001-01, CEP 07144-160","02/03/2026","Importação PDF"
"I.P. DEUS DE PODER E GLORIA - MACEDO","I.P.","Pr. Jorge Claudio Viana","Rua Juvelina Dinah de Araújo, 62","Macedo","Guarulhos","SP","","","-23.4636154","-46.5179268","CNPJ 29.642.380/0001-40, CEP 07197-110","02/03/2026","Importação PDF"
"I.P. DEUS DE PODER E GLORIA - TABOÁO","I.P.","Pr. Jorge Claudio Viana","Rua Fernando Antônio, 43 / Sala 02","Jardim Tamassia","Guarulhos","SP","","","-23.4311515","-46.5008952","CNPJ 29.642.380/0001-40, CEP 07140-150","02/03/2026","Importação PDF"
"IGREJA PENTECOSTAL MINISTÉRIO ATENTO A VOZ DE DEUS","PENTECOSTAL","Pr. Edivaldo Francisco da Silva","Rua Queimadas, 139","Jardim Presidente Dutra","Guarulhos","SP","","","-23.4161591","-46.4299076","CNPJ 48.941.860/0001-56, CEP 07172-350","02/03/2026","Importação PDF"
"IGREJA PENTECOSTAL OS VALENTES DE DEUS","PENTECOSTAL","Pr. Antônio da Cruz Lima Vieira","Rua Bias Fortes, 174","Vila Nova Bonsucesso","Guarulhos","SP","","","-23.4041303","-46.3944144","CNPJ 32.864.755/0001-20, CEP 07176-300","02/03/2026","Importação PDF"
"IGREJA PENTECOSTAL RESPLENDECER COM CRISTO - SOBERANA","PENTECOSTAL","Pr. Jorge dos Santos Vieira","Rua Rio Negro, 235","Cidade Soberana","Guarulhos","SP","","","-23.3927222","-46.4388527","CNPJ 09.360.492/0001-09, CEP 07161-370","02/03/2026","Importação PDF"
"MINISTÉRIO APOSTÓLICO BISPA JÉSSICA POTENZA","MINISTÉRIO APOSTÓLICO","Pra. Rosangela Dias da Silva","Rua Nobel de Almeida Kuke, 382","Parque Continental II","Guarulhos","SP","","","-23.4309831","-46.5495746","CNPJ 62.132.102/0001-18, CEP 07084-210","02/03/2026","Importação PDF"
"IGREJA LIBERDADE EM CRISTO","","Pr. Carlos Eduardo Machado","Rua Júlio Morilla, 84","Parque das Nações","Guarulhos","SP","","","-23.4392733","-46.4133402","CNPJ 24.443.455/0001-40, CEP 07243-250","02/03/2026","Importação PDF"
"IGREJA EVANGÉLICA PENTECOSTAL ADORADORES DO ALTISSIMO","EVANGÉLICA PENTECOSTAL","Pr. Sidnei José de Sousa","Estrada Do Saboó, 54","Jardim São João","Guarulhos","SP","","","-23.4120724","-46.457843","CNPJ 22.370.289/0001-73, CEP 07152-000","02/03/2026","Importação PDF"
"IGREJA ASSEMBLEIA DE DEUS A MISSÃO DE CRISTO NO BRASIL","ASSEMBLEIA DE DEUS","Pr. José Valença da Silva","Rua Itambé do Mato Dentro, 97","Jardim Marilena","Guarulhos","SP","","","-23.4234471","-46.4987375","CNPJ 31.777.035/0001-65, CEP 07140-400","02/03/2026","Importação PDF"
"IGREJA EVANGÉLICA ASSEMBLEIA DE DEUS DO ATALAIA - SEDE","EVANGÉLICA ASSEMBLEIA DE DEUS","Pr. José Reinaldo Oliveira dos Santos","Avenida Manoel Isidoro Martins, 419","Cidade Martins","Guarulhos","SP","","","-23.4678","-46.5361","CNPJ 05.163.273/0001-70, CEP 07132-280","02/03/2026","Importação PDF"
"IGREJA EVANGÉLICA ASSEMBLEIA DE DEUS DA RESTAURAÇÃO","EVANGÉLICA ASSEMBLEIA DE DEUS","Pr. Ezequiel Alves de Menezes","Rua Aparecida Corrêa de Lima, 25","Vila Itapoan","Guarulhos","SP","","","-23.4681","-46.5057","CNPJ 06.038.870/0001-36, CEP 07124-540","02/03/2026","Importação PDF"
"IGREJA EVANGÉLICA ASSEMBLEIA DE DEUS MINISTÉRIO DO TABOÃO EM GUARULHOS/SP – ANITA GARIBALDI","EVANGÉLICA ASSEMBLEIA DE DEUS","Pr. Ozéias Benones da silva","Rua Carlos MariguelA, 13","Anita Garibaldi","Guarulhos","SP","","","-23.410975","-46.4162243","CNPJ 03.393.414/0001-16, CEP 07179-825","02/03/2026","Importação PDF"
"IGREJA EVANGÉLICA ASSEMBLEIA DE DEUS MINISTÉRIO DO TABOÃO EM GUARULHOS/SP - TENDA","EVANGÉLICA ASSEMBLEIA DE DEUS","Pr. Ozéias Benones da silva","Rua José Molon, 145","Cidade Serôdio","Guarulhos","SP","","","-23.4157663","-46.4555902","CNPJ 03.393.414/0001-16, CEP 07151-340","02/03/2026","Importação PDF"
"IGREJA ASSEMBLÉIA DE DEUS MINISTÉRIO CIDADE NOVA BONSUCESSO - VILA RICA","ASSEMBLÉIA DE DEUS","Pr. Thiago Cesar Cabral","Rua José Carlos Lourenço, 491","Vila Rica","Guarulhos","SP","","","-23.395284","-46.4517321","CNPJ 05.343.042/0001-49, CEP 07156-080","02/03/2026","Importação PDF"
"IGREJA ASSEMBLÉIA DE DEUS MINISTÉRIO CRISTO É A VIDA EM CUMBICA","ASSEMBLÉIA DE DEUS","Ap. Edilson Pereira Torres","Rua Rondinha, 46","Cidade Industrial Satélite","Guarulhos","SP","","","-23.4569008","-46.4720862","CNPJ 08.533.635/0001-66, CEP 07232-122","02/03/2026","Importação PDF"
"ASSEMBLEIA DE DEUS MISSÕES PARA NAÇÕES","ASSEMBLEIA DE DEUS","Pr. Claudionor Santos Novais","Rua Horizonte, 19","Nova Ponte Alta","Guarulhos","SP","","","-23.3962083","-46.4211703","CNPJ 62.235.490/0001-62, CEP 07179-497","02/03/2026","Importação PDF"
"OBPC Campo de Guarulhos (Sede)","O Brasil Para Cristo","Pr. Gilmar S. Lopes","Rua Maria Sieglinde, 115","Vila Hulda","Guarulhos","SP","(11) 2447-2132","","-23.4631566","-46.533271","CEP: 07094-050; CNPJ: 51.260.586/0001-64","27/02/2026","Importação PDF"
"OBPC Catedral do Jd. Imperial (Sede Campo Taboão)","O Brasil Para Cristo","Not specified","Av. Martins Júnior, S/N","Jardim Bela Vista","Guarulhos","SP","(11) 2404-1409","","-23.4380088","-46.5080739","CEP: 07141-000; CNPJ: 51.265.775/0005-53","27/02/2026","Importação PDF"
"OBPC Cidade Seródio","O Brasil Para Cristo","Not specified","Avenida Delfinópolis, S/N","Cidade Seródio","Guarulhos","SP","(11) 4052-7972","","-23.4176141","-46.4643188","CEP: 07150-010; Registro Ativo (Ipea)","27/02/2026","Importação PDF"
"Paz e Vida Jd. Pres. Dutra","Paz e Vida","Pr. Paulo Francisco","Av. Rio Real, 322","Jardim Pres. Dutra","Guarulhos","SP","(11) 9.5931-2479","","-23.40751","-46.41727","","27/02/2026","Importação PDF"
"Paz e VidaCidade Soberana","Paz e Vida","Pr. Jorge Sousa","Rua Taubaté, 20B","Cidade Soberana","Guarulhos","SP","(11) 9.4936-2249","","-23.4005793","-46.4402781","","27/02/2026","Importação PDF"
"Paz e Vida","Paz e Vida","Pr. Emerson Stevanelli","Av. Guarulhos, 80","Centro","Guarulhos","SP","(11) 4963-2548","","-23.4761381","-46.5343522","","27/02/2026","Importação PDF"
"Igreja Presbiteriana Esmirna","Presbiteriana","Rev. Ivan Almeida da Cunha","Rua Arakci Borazanian, 72","Parque Continental II","Guarulhos","SP","","","-23.4296632","-46.5479632","CNPJ: 10.528.534/0001-49; Chave Pix: CNPJ; CEP: 07084-380","27/02/2026","Importação PDF"
"3ª Igreja de Guarulhos","","Presbitério de Guarulhos","Praça dos Aviadores, 30","Cocaia","Guarulhos","SP","","","-23.4398282","-46.5215919","Localização estratégica próxima ao aeroporto; CEP: 07130-260","27/02/2026","Importação PDF"
"1ª Igreja de Guarulhos (Gopoúva)","","Presbitério de Guarulhos","Av. Torres Tibagy, 128","Gopoúva","Guarulhos","SP","","","-23.4646228","-46.5470809","Registro oficial no Sínodo de Guarulhos; CEP: 07062-000","27/02/2026","Importação PDF"
"4ª Igreja de Guarulhos","","Presbitério de Guarulhos","Av. Delfinópolis, 409","Cidade Ceródia","Guarulhos","SP","","","-23.4155051","-46.4596496","Expansão para a zona norte do município; CEP: 07151-110","27/02/2026","Importação PDF"
"2ª Igreja de Guarulhos","","Presbitério de Guarulhos","Rua Visconde de Cairu, 17b","Jardim Paulista","Guarulhos","SP","","","-23.4360464","-46.5502513","Unidade federada vinculada ao concílio regional; CEP: 07083-120","27/02/2026","Importação PDF"
"Primeira Igreja Presbiteriana de Guarulhos","Presbiteriana","Lucas Rodrigues Tucci","Rua Celso, 24","Vila Progresso","Guarulhos","SP","(11) 2464-0355","","-23.4579629","-46.5364278","CNPJ: 50.691.880/0001-68; CEP: 07095-160","27/02/2026","Importação PDF"
"Igreja Adventista do Sétimo Dia","Igreja Adventista do Sétimo Dia","","R. Gozolandia, 259","","Guarulhos","SP","","","-23.4761494","-46.3904673","Abre sáb. às 09:00","27/02/2026","Importação PDF"
"Igreja Adventista Do Sétimo Dia","Igreja Adventista Do Sétimo Dia","","R. Domenico Perella, 110","","Guarulhos","SP","","","-23.4675941","-46.5277704","Abre sáb. às 08:30","27/02/2026","Importação PDF"
"Igreja Adventista do Sétimo Dia Jd. Nova Bonsucesso","Igreja Adventista do Sétimo Dia","","R. Maracanã, N° 249","Jardim Nova Bonsucesso","Guarulhos","SP","(61) 3701-1818","","-23.4113068","-46.4062806","Abre sáb. às 09:00","27/02/2026","Importação PDF"
"Igreja Adventista do Sétimo Dia - Maria Dirce","Igreja Adventista do Sétimo Dia","","R. Muniz Ferreira, 219","Maria Dirce","Guarulhos","SP","","","-23.4322526","-46.4311787","Abre sáb. às 08:45","27/02/2026","Importação PDF"
"Igreja Adventista do Sétimo Dia - Conjunto Marcos Freire","Igreja Adventista do Sétimo Dia","","Rua Rubens Coelho de Godoy, 99 - Ao lado do Nº 570","Conjunto Marcos Freire","Guarulhos","SP","","","-23.4615841","-46.4039987","Abre sáb. às 09:00","27/02/2026","Importação PDF"
"IASD Inocoop","IASD","","R. Sen. Teotônio Viléla, 906","Inocoop","Guarulhos","SP","","","-23.4225994","-46.4158551","Abre sáb. às 09:00","27/02/2026","Importação PDF"
"Igreja Adventista do Sétimo Dia - Jardim Fortaleza","Igreja Adventista do Sétimo Dia","","R. Kazuko Fuji Shimizu, 156","Jardim Fortaleza","Guarulhos","SP","(11) 97224-5535","","-23.3782651","-46.449096","","27/02/2026","Importação PDF"
"Igreja Adventista do Sétimo Dia - Parque Primavera","Igreja Adventista do Sétimo Dia","","R. Ajax, 56","Parque Primavera","Guarulhos","SP","","","-23.4044698","-46.4931471","Abre sáb. às 08:45","27/02/2026","Importação PDF"
"IASD Cidade Soberana","IASD","","Av. Lagedao, 221","Cidade Soberana","Guarulhos","SP","","","-23.4007359","-46.4395103","Abre sáb. às 09:00","27/02/2026","Importação PDF"
"Igreja Adventista De Setimo Dia","Igreja Adventista De Setimo Dia","","R. Sen. Teotônio Viléla, 906","Inocoop","Guarulhos","SP","","","-23.4225994","-46.4158551","","27/02/2026","Importação PDF"
"Igreja Adventista Do Sétimo Dia - Central Pimentas","Igreja Adventista Do Sétimo Dia","","Rua Aracy, 359","Jardim Leblon","Guarulhos","SP","(11) 95700-1253","","-23.4561111","-46.5361566","Abre sáb. às 08:30","27/02/2026","Importação PDF"
"Igreja Adventista do Sétimo Dia Jd. Irene","Igreja Adventista do Sétimo Dia","","R. São João, N° 83","Jardim Irene","Guarulhos","SP","","","-23.4801708","-46.5354287","Abre sáb. às 09:00","27/02/2026","Importação PDF"
"Igreja Adventista So Sétimo Dia","Igreja Adventista So Sétimo Dia","","Av. Pedro de Souza Lopes","","Guarulhos","SP","","","-23.4527136","-46.5685314","","27/02/2026","Importação PDF"
"Igreja Adventista do Sétimo Dia Bom Clima","Igreja Adventista do Sétimo Dia","","R. Maria das Dores Lopes Pinheiro, 151","Bom Clima","Guarulhos","SP","","","-23.456658","-46.5097821","Abre sáb. às 09:00","27/02/2026","Importação PDF"
"Igreja Adventista Sètimo Dia","Igreja Adventista Sètimo Dia","","R. Domingos de Abreu, 384","","Guarulhos","SP","","","-23.469717","-46.5578392","","27/02/2026","Importação PDF"
"Igreja Adventista do Sétimo Dia de Vila Isabel","Igreja Adventista do Sétimo Dia","","R. Nova Timboteva, 393","Vila Isabel","Guarulhos","SP","(11) 2498-5690","","-23.4478488","-46.4296422","","27/02/2026","Importação PDF"
"Igreja Adventista do Sétimo Dia - Taboão/ Paraiso","Igreja Adventista do Sétimo Dia","","Av. Três Corações, 233","Taboão/ Paraiso","Guarulhos","SP","","","-23.4156","-46.5053249","Abre sáb. às 08:45","27/02/2026","Importação PDF"
"Igreja Adventista do Sétimo Dia - Jardim Picanço","Igreja Adventista do Sétimo Dia","","R. Maria do Carmo, 344","Jardim Picanço","Guarulhos","SP","(11) 99394-1790","","-23.4515295","-46.5459075","Abre sáb. às 09:00","27/02/2026","Importação PDF"
"IASD Pq. Continental 1","IASD","","R. Samuel Réis de Oliveira, 52","Parque Continental 1","Guarulhos","SP","","","-23.4342998","-46.5534503","Abre sáb. às 09:30","27/02/2026","Importação PDF"
"Igreja Adventista Do Sétimo Dia","Igreja Adventista Do Sétimo Dia","","R. São Fernando, 446","","Guarulhos","SP","","","-23.4067933","-46.4659276","Abre sáb. às 08:30","27/02/2026","Importação PDF"
"Igreja Adventista Do Sétimo Dia","Igreja Adventista Do Sétimo Dia","","R. Dom João Batista Gonzaga, 106","","Guarulhos","SP","","","-23.4325531","-46.5440344","","27/02/2026","Importação PDF"
"Igreja Adventista do Sétimo Dia","Igreja Adventista do Sétimo Dia","","R. Vicente Melro, 1072","","Guarulhos","SP","","","-23.4585852","-46.566978","Abre às 19:45","27/02/2026","Importação PDF"
"Igreja Adventista do Sétimo Dia - Jardim Marilena","Igreja Adventista do Sétimo Dia","","R. Monsenhor Paulo, 278","Jardim Marilena","Guarulhos","SP","","","-23.4238557","-46.4946194","Abre sáb. às 08:45","27/02/2026","Importação PDF"
"Igreja Adventista do Sétimo Dia","Igreja Adventista do Sétimo Dia","","Rua Sarutaiá, 599","","Guarulhos","SP","","","-23.4388407","-46.526703","Abre sáb. às 09:00","27/02/2026","Importação PDF"
"Igreja Adventista do Sétimo Dia","Igreja Adventista do Sétimo Dia","","Av. Rio de Janeiro, 266","","Guarulhos","SP","","","-23.4341543","-46.5344899","Igreja receptiva","27/02/2026","Importação PDF"
"Igreja Adventista do Sétimo Dia","Igreja Adventista do Sétimo Dia","","R. Viana de Carvalho, 105","","Guarulhos","SP","","","-23.4696147","-46.5539688","Lugar acolhedor","27/02/2026","Importação PDF"
"Igreja Adventista do Sétimo Dia","Igreja Adventista do Sétimo Dia","","R. Jutaí, 1001","","Guarulhos","SP","","","-23.4345676","-46.4187544","Abre sáb. às 09:00","27/02/2026","Importação PDF"
"Igreja Adventista Do Sétimo Dia - Jd. Angélica","Igreja Adventista Do Sétimo Dia","","R. Cap. Antônio Ribeiro da Costa, 107","Jardim Angélica","Guarulhos","SP","(61) 3701-1818","","-23.4547571","-46.4149501","Abre sáb. às 08:45","27/02/2026","Importação PDF"
"Igreja Adventista do Sétimo Dia - Uirapuru I","Igreja Adventista do Sétimo Dia","","R. Quixeramobim, 33","Uirapuru I","Guarulhos","SP","","","-23.455488","-46.4631626","","27/02/2026","Importação PDF"
"Igreja Adventista do Sétimo Dia","Igreja Adventista do Sétimo Dia","","R. Professor José Munhoz, 809","","Guarulhos","SP","","","-23.5002609","-46.5559078","","27/02/2026","Importação PDF"
"Igreja Adventista do Sétimo Dia","Igreja Adventista do Sétimo Dia","","R. Abílio Mendes de Oliveira, 87","","Guarulhos","SP","","","-23.4167315","-46.4595255","Abre sáb. à 00:00","27/02/2026","Importação PDF"
"Igreja adventista do sétimo dia","Igreja adventista do sétimo dia","","Av. Bom Jesus, 222","","Guarulhos","SP","","","-23.4099632","-46.4578996","Abre sáb. às 09:00","27/02/2026","Importação PDF"
"Igreja Adventista do Sétimo Dia Guarulhos","Igreja Adventista do Sétimo Dia","","R. Diogo Farias, 100","","Guarulhos","SP","(11) 2409-7475","","-23.467527","-46.525836","Abre sáb. às 09:00","27/02/2026","Importação PDF"
"Igreja Adventista do setimo dia","Igreja Adventista do setimo dia","","R. França Junior, 270 A","","Guarulhos","SP","","","-23.4412083","-46.3841949","Abre sáb. às 09:00","27/02/2026","Importação PDF"
"IASD Vila Sabatina","IASD","","R. Hélia, 371","Vila Sabatina","Guarulhos","SP","","","-23.4447238","-46.5626089","Abre sáb. às 09:00","27/02/2026","Importação PDF"
"Igreja Adventista do Sétimo Dia Cidade Jardim Cumbica","Igreja Adventista do Sétimo Dia","","R. Cap. Aviador Heitor Luís Jordão, N°290","Cidade Jardim Cumbica","Guarulhos","SP","","","-23.455","-46.41","Abre sáb. às 09:00","27/02/2026","Importação PDF"
"Igreja Adventista do Sétimo Dia","Igreja Adventista do Sétimo Dia","","R. Dona Antônia, 811","","Guarulhos","SP","","","-23.4694811","-46.5434411","Abre sáb. às 09:00","27/02/2026","Importação PDF"
"IASD Presidente Dutra","IASD","","R. Augusto Hog, 787","Presidente Dutra","Guarulhos","SP","","","-23.420603","-46.4323887","Abre sáb. às 08:30","27/02/2026","Importação PDF"
"IASD Monte Carmelo - Igreja Adventista do Sétimo Dia","Igreja Adventista do Sétimo Dia","","R. Marquês de Cesare Bonesana, 168","Monte Carmelo","Guarulhos","SP","","","-23.4437388","-46.5111596","Abre sáb. às 09:00","27/02/2026","Importação PDF"
"Igreja Adventista do Sétimo Dia Jardim Palmira","Igreja Adventista do Sétimo Dia","","R. Dr. Roberto Lemos Pádua, 176","Jardim Palmira","Guarulhos","SP","","","-23.4333232","-46.5611274","","27/02/2026","Importação PDF"
"Igreja Adventista do Sétimo Dia - Parque Continental 2","Igreja Adventista do Sétimo Dia","","R. Dr. Laerte Romualdo de Souza, 160","Parque Continental 2","Guarulhos","SP","","","-23.427914","-46.5460811","Abre sáb. às 09:00","27/02/2026","Importação PDF"
"Igreja Adventista do 7° Dia - IASD Itapegica","Igreja Adventista do 7° Dia","","R. Saldanha Marinho, 97","Itapegica","Guarulhos","SP","","","-23.4946757","-46.5576107","Abre sáb. às 09:00","27/02/2026","Importação PDF"
"IASD Parque Continental V","IASD","","R. Nain Hassan Rachid, 374","Parque Continental V","Guarulhos","SP","(11) 2409-7475","","-23.4220901","-46.5279068","","27/02/2026","Importação PDF"
"IASD RECREIO SÃO JORGE","IASD","","Avenida Palmira Rossi, 2012","Recreio São Jorge","Guarulhos","SP","","","-23.4039379","-46.5176844","","27/02/2026","Importação PDF"
"Igreja Adventista do Sétimo Dia de Bela Vista","Igreja Adventista do Sétimo Dia","","R. Ibirarema, 49","Bela Vista","Guarulhos","SP","","","-23.4354224","-46.5073733","Abre sáb. às 09:00","27/02/2026","Importação PDF"
"IASD Vila Araguaia","IASD"," materials","R. São Diogo, 81","Vila Araguaia","Guarulhos","SP","","","-23.429975","-46.5305583","Abre sáb. às 09:00","27/02/2026","Importação PDF"
"Igreja Adventista Do Setimo Dia","Igreja Adventista Do Setimo Dia","","R. Antônio Roberto de Almeida, 319","","Guarulhos","SP","","","-23.4675941","-46.5277704","Abre sáb. às 09:00","27/02/2026","Importação PDF"
"Igreja Adventista do Sétimo Dia","Igreja Adventista do Sétimo Dia","","R. Antônio Dias Santos, 57","","Guarulhos","SP","","","-23.4659604","-46.3986262","Abre sáb. às 09:00","27/02/2026","Importação PDF"
"IASD Ponte Alta","IASD","","R. Adevilson Estevan dos Santos, 23","Ponte Alta","Guarulhos","SP","","","-23.4046255","-46.5181324","Abre sáb. às 09:00","27/02/2026","Importação PDF"
"O Brasil Para Cristo","O Brasil Para Cristo","","R. Padre Cláudio Arenal, 874","","Guarulhos","SP","","","-23.4568454","-46.5092889","Igreja gospel","27/02/2026","Importação PDF"
"O Brasil Para Cristo","O Brasil Para Cristo","","R. Ten. Campo, 89","","Guarulhos","SP","","","-23.4249542","-46.5029202","","27/02/2026","Importação PDF"
"Igreja O Brasil Para Crisrto","Igreja O Brasil Para Crisrto","","Rua Padre Geraldo Mauzeroll, 46","","Guarulhos","SP","","","-23.4259445","-46.5093321","Instituição religiosa, Aulas de judô","27/02/2026","Importação PDF"
"Igreja o Brasil para Cristo","Igreja o Brasil para Cristo","","Av. Bom Jesus da Lapa, 1743","","Guarulhos","SP","","","-23.4044192","-46.3928667","Igreja","27/02/2026","Importação PDF"
"Igreja O Brasil Para Cristo","Igreja O Brasil Para Cristo","","R. Limeira","","Guarulhos","SP","","","-23.4031228","-46.4366881","Instituição religiosa","27/02/2026","Importação PDF"
"Igreja O Brasil Para Cristo","Igreja O Brasil Para Cristo","","R. Milton Venite, 242","","Guarulhos","SP","","","-23.4119966","-46.3755498","Instituição religiosa","27/02/2026","Importação PDF"
"Igreja O Brasil Para Cristo","Igreja O Brasil Para Cristo","","Av. José Brumatti, 3881","","Guarulhos","SP","","","-23.4071333","-46.4404251","Instituição religiosa","27/02/2026","Importação PDF"
"Igreja O Brasil Para Cristo","Igreja O Brasil Para Cristo","","Av. Aguanil, 290","","Guarulhos","SP","","","-23.4191155","-46.4646742","Instituição religiosa","27/02/2026","Importação PDF"
"Igreja O Brasil para Cristo","Igreja O Brasil para Cristo","","R. Leila Nunes, 129","","Guarulhos","SP","","","-23.4421813","-46.5556749","Templo","27/02/2026","Importação PDF"
"Igreja O Brasil para Cristo","Igreja O Brasil para Cristo","","R. Jati, 477","","Guarulhos","SP","","","-23.4532414","-46.4754707","Igreja","27/02/2026","Importação PDF"
"Igreja o Brasil para Cristo","Igreja o Brasil para Cristo","","R. Raimundo Almeida de Araújo, 394","","Guarulhos","SP","","","-23.446144","-46.5158261","Igreja cristã","27/02/2026","Importação PDF"
"Igreja o Brasil para Cristo","Igreja o Brasil para Cristo","","R. Nain Hassan Rachid, 83","","Guarulhos","SP","","","-23.4220901","-46.5279068","Igreja","27/02/2026","Importação PDF"
"Igreja o Brasil para Cristo","Igreja o Brasil para Cristo","","R. Sape, 270","","Guarulhos","SP","","","-23.4474797","-46.4586178","Igreja evangélica","27/02/2026","Importação PDF"
"Igreja Evangelica Pentecostal o Brasil Para Cristo","Igreja Evangelica Pentecostal o Brasil Para Cristo","","R. Maria Sieglinde, 50","","Guarulhos","SP","","","-23.4631566","-46.533271","","27/02/2026","Importação PDF"
"Igreja Evangélica Pentecostal Brasil para Cristo Guarulhos","Igreja Evangélica Pentecostal Brasil para Cristo","","R. Dona Dica, 734","","Guarulhos","SP","(11) 2422-8189","","-23.4698649","-46.5554292","Templo","27/02/2026","Importação PDF"
"Igreja O Brasil Para Cristo","Igreja O Brasil Para Cristo","","R. Água Doce, 417","","Guarulhos","SP","","","-23.4164208","-46.4943949","Instituição religiosa","27/02/2026","Importação PDF"
"Igreja Evangélica Pentecostal O Brasil para Cristo em São Be","Igreja Evangélica Pentecostal O Brasil para Cristo","","Rua Msr Oliveiras, 27","São Be","Guarulhos","SP","(11) 3435-5491","","-23.4623247","-46.5026557","Templo","27/02/2026","Importação PDF"
"Igreja Evangélica Pent O Brasil para Cristo de Taboão","Igreja Evangélica Pent O Brasil para Cristo","","Av. Martins Júnior, 1486","Taboão","Guarulhos","SP","(11) 2402-0634","","-23.4158005","-46.5109118","Templo","27/02/2026","Importação PDF"
"Igreja O Brasil Para Cristo","Igreja O Brasil Para Cristo","","R. Coqueiro, 107","","Guarulhos","SP","","","-23.4020378","-46.5118904","Instituição religiosa","27/02/2026","Importação PDF"
"O Brasil Para Cristo","O Brasil Para Cristo","","R. Gonçalves Dias","","Guarulhos","SP","","","-23.4016626","-46.3966443","Instituição religiosa","27/02/2026","Importação PDF"
"O BRASIL PARA CRISTO","O BRASIL PARA CRISTO","","R. Sete, 269","","Guarulhos","SP","","","-23.4813452","-46.394492","Instituição religiosa","27/02/2026","Importação PDF"
"OBPC Catedral Imperial","OBPC","","Av. Martins Júnior, 1486","","Guarulhos","SP","","","-23.4380088","-46.5080739","Igreja","27/02/2026","Importação PDF"
"Igreja O Brasil Para Cristo","Igreja O Brasil Para Cristo","","R. Dez, 143","","Guarulhos","SP","","","-23.41065","-46.4236498","Instituição religiosa","27/02/2026","Importação PDF"
"Igreja O Brasil Para Cristo","Igreja O Brasil Para Cristo","","Estr. do Sacramento, 218","","Guarulhos","SP","","","-23.4638023","-46.4019692","Instituição religiosa","27/02/2026","Importação PDF"
"Igreja O Brasil Para Cristo Recreio","Igreja O Brasil Para Cristo","","R. Jonas Goulart, 39","Recreio","Guarulhos","SP","(11) 94349-1425","","-23.40056","-46.527747","Instituição religiosa","27/02/2026","Importação PDF"
"Igreja Pentecostal No Brasil Cristo","Igreja Pentecostal No Brasil Cristo","","Av. Delfinopolis, 167","","Guarulhos","SP","","","-23.4176141","-46.4643188","Instituição religiosa","27/02/2026","Importação PDF"
"Igreja O Brasil Para Cristo","Igreja O Brasil Para Cristo","","R. Dr. Jorge Queirós de Morais, 251","","Guarulhos","SP","","","-23.4675941","-46.5277704","Igreja Pentecostal","27/02/2026","Importação PDF"
"O Brasil Para Cristo","O Brasil Para Cristo","","R. Doze de Junho, 420","","Guarulhos","SP","","","-23.4093977","-46.4013637","Instituição religiosa","27/02/2026","Importação PDF"
"Igreja O Brasil para Cristo Cumbica","Igreja O Brasil para Cristo","","R. Benedito Valadares Ribeiro, 446","Cumbica","Guarulhos","SP","(11) 2481-9661","","-23.4590019","-46.4634966","","27/02/2026","Importação PDF"
"O Brasil Para Cristo","O Brasil Para Cristo","","R. Aeródromo","Jardim São João","Guarulhos","SP","","","-23.4088244","-46.446718","Instituição religiosa","27/02/2026","Importação PDF"
"Igreja Pentecostal O Brasil Para Cristo - Jardim Presidente Dutra","Igreja Pentecostal O Brasil Para Cristo","","Av. Rio Real, 270","Jardim Presidente Dutra","Guarulhos","SP","(11) 2402-0634","","-23.4336185","-46.4370497","Igreja cristã","27/02/2026","Importação PDF"
"OBPC Cidade Soberana","OBPC","","Av. Lagedao, 771","Cidade Soberana","Guarulhos","SP","","","-23.4007359","-46.4395103","Igreja","27/02/2026","Importação PDF"
"Paróquia Nossa Senhora Aparecida Cocaia","Igreja católica","","Av. Tiradentes, 2504","Cocaia","Guarulhos","SP","(11) 96328-0229","","-23.4585426","-46.5208393","Igreja católica","27/02/2026","Importação PDF"
"OBPC Parque Primavera","OBPC","","R. Reta, 373","Parque Primavera","Guarulhos","SP","","","-23.4053704","-46.4917909","Igreja","27/02/2026","Importação PDF"
"Igreja Brasil para Cristo","Igreja Brasil para Cristo","","R. Calábria, 221","","Guarulhos","SP","","","-23.4013674","-46.468348","Igreja","27/02/2026","Importação PDF"
"Igreja Evangelica O Brasil Para Cristo","Igreja Evangelica O Brasil Para Cristo","","R. Vicente Melro, 995","","Guarulhos","SP","","","-23.4591355","-46.56673","Igreja","27/02/2026","Importação PDF"
"Igreja Evangelica Pentecosal o Brasil para Cristo","Igreja Evangelica Pentecosal o Brasil para Cristo","","R. Benedito Valadares Ribeiro, 29","","Guarulhos","SP","","","-23.4590019","-46.4634966","Igreja","27/02/2026","Importação PDF"
"Igreja O Brasil Para Cristo - Jd. Fortaleza","Igreja O Brasil Para Cristo","","R. Teresa Ravásio Magni, 71","Jardim Fortaleza","Guarulhos","SP","","","-23.407238","-46.425712","Igreja","27/02/2026","Importação PDF"
"Igreja O Brasil Para Cristo Jd Fortaleza","Igreja O Brasil Para Cristo Jd Fortaleza","","R. Teresa Ravásio Magni, 36","Jardim Fortaleza","Guarulhos","SP","","","-23.407262","-46.425624","Instituição religiosa","27/02/2026","Importação PDF"
"O Brasil Para Cristo","O Brasil Para Cristo","","R. Espírito Santo Dourado, 341","","Guarulhos","SP","","","-23.423472","-46.4942012","Igreja","27/02/2026","Importação PDF"
"Igreja O Brasil para Cristo - Jd. Palmira - Campo Tranquilidade","Igreja O Brasil para Cristo","","Av. Alfredo Barbosa, 1434","Jardim Palmira - Campo Tranquilidade","Guarulhos","SP","","","-23.4299898","-46.5608508","Igreja","27/02/2026","Importação PDF"
"O Brasil Para Cristo","O Brasil Para Cristo","","R. Januário Cico, 439","","Guarulhos","SP","","","-23.4675941","-46.5277704","Instituição religiosa","27/02/2026","Importação PDF"
"O Brasil Para Cristo","O Brasil Para Cristo","","R. Abelardo Abrunhosa, 104","","Guarulhos","SP","","","-23.4423046","-46.5034371","","27/02/2026","Importação PDF"
"Igreja O'brasil Para Cristo","Igreja O'brasil Para Cristo","","R. Eng. Paulo Frontim, 988","","Guarulhos","SP","","","-23.4388792","-46.532896","Instituição religiosa","27/02/2026","Importação PDF"
"Igreja O Brasil Para Cristo Vila Rica","Igreja O Brasil Para Cristo Vila Rica","","R. José Antônio Pereira, 174","Vila Rica","Guarulhos","SP","","","-23.3937361","-46.4507467","Instituição religiosa, Pastores abençoados","27/02/2026","Importação PDF"
"Igreja O Brasil para Cristo Paraiso","Igreja O Brasil para Cristo","","Av. Cesário Lange, 99","Paraiso","Guarulhos","SP","","","-23.4428586","-46.4237837","Igreja Pentecostal","27/02/2026","Importação PDF"
"Igreja O Brasil Para Cristo","Igreja O Brasil Para Cristo","","São Paulo - SP","","São Paulo","SP","","","-23.4647655","-46.8584264","Instituição religiosa","27/02/2026","Importação PDF"
"OBPC Jardim Ponte Alta I","OBPC","","R. Zeferino Alves de Oliveira, 379","Jardim Ponte Alta I","Guarulhos","SP","","","-23.397394","-46.401217","Igreja","27/02/2026","Importação PDF"
"Igreja O Brasil Para Cristo Belvedere","Igreja O Brasil Para Cristo","","R. Casa Branca, 44","Belvedere","Guarulhos","SP","","","-23.4129834","-46.497434","Instituição religiosa","27/02/2026","Importação PDF"
"Igreja Evangélica Pentecostal O Brasil para Cristo","Igreja Evangélica Pentecostal O Brasil para Cristo","","São Paulo - SP","","São Paulo","SP","(11) 3493-7744","","-23.4647655","-46.8584264","Templo","27/02/2026","Importação PDF"
"Igreja O Brasil Para Cristo","Igreja O Brasil Para Cristo","","Av. Manoel Isidoro Martins, 256","","Guarulhos","SP","","","-23.4675941","-46.5277704","Instituição religiosa","27/02/2026","Importação PDF"
"Igreja O Brasil Para Cristo V. Paraiso 296","Igreja O Brasil Para Cristo","","Av. Santa Helena","V. Paraiso","Guarulhos","SP","","","-23.441087","-46.4269835","Igreja","27/02/2026","Importação PDF"
"Igreja O Brasil Para Cristo","Igreja O Brasil Para Cristo","","Av. Belo Campo, 544","","Guarulhos","SP","","","-23.4187799","-46.4340835","Instituição religiosa","27/02/2026","Importação PDF"
"Igreja Evangélica Pentecostal O Brasil para Cristo","Igreja Evangélica Pentecostal O Brasil para Cristo","","R. Primavera, 7","","Guarulhos","SP","(11) 3436-5667","","-23.3967299","-46.3962143","Templo","27/02/2026","Importação PDF"
"OBPC Ponte Grande","OBPC","","R. Concheta de Mauro, 208","Ponte Grande","Guarulhos","SP","","","-23.5003882","-46.5495944","Igreja","27/02/2026","Importação PDF"
"Igreja O Brasil Para Cristo","Igreja O Brasil Para Cristo","","Av. Santa Helena, 284","","Guarulhos","SP","","","-23.4371605","-46.4290234","Igreja","27/02/2026","Importação PDF"
"Igreja O Brasil Para Cristo","Igreja O Brasil Para Cristo","","R. Clara Nunes, 129","","Guarulhos","SP","","","-23.4049309","-46.4778736","Igreja cristã","27/02/2026","Importação PDF"
"Igreja O Brasil Para Cristo","Igreja O Brasil Para Cristo","","R. João Genuíno Sobral, 192","","Guarulhos","SP","","","-23.4269011","-46.5493394","Instituição religiosa","27/02/2026","Importação PDF"
"Igreja O Brasil No Reino De Cristo","Igreja O Brasil No Reino De Cristo","","R. João Gomes da Silva, 120","","Guarulhos","SP","","","-23.4675941","-46.5277704","Instituição religiosa","27/02/2026","Importação PDF"
"Ministério Khárisma","","Pastor Mario","Estrada Mun., 124","Água Chata","Guarulhos","SP","(11) 99376-5255","","-23.4337738","-46.3928349","CEP: 07251-300","27/02/2026","Importação PDF"
"Assembléia De Deus Ministério Vila Bela","Assembléia De Deus Ministério Vila Bela","","R. Edgard, 233","","Guarulhos","SP","","","-23.4716438","-46.5206672","Igreja pentecostal.","27/02/2026","Importação PDF"
"AD Vila Bela- Sede Regional Guarulhos","Igreja","","Av. Otávio Braga de Mesquita, 1191","Vila Fátima","Guarulhos","SP","","","-23.4547488","-46.5088631","Espaço interessante, ambiente para todas as idades.","27/02/2026","Importação PDF"
"AD VILA BELA-JD DIOGO","Igreja Assembleia de Deus","","R. Edgard, 396","Jardim Diogo","Guarulhos","SP","","","-23.4716438","-46.5206672","","27/02/2026","Importação PDF"
"Assembléia De Deus Ministério Vila Bela","Instituição religiosa","","R. Luigi Magni, 183","Vila Maria Helena","Guarulhos","SP","","","-23.378962","-46.44655","","27/02/2026","Importação PDF"
"Assembleia de Deus Ministério Vila Bela","Instituição religiosa","","Estr. Conceição do Bananal, 375","Jardim Bondança","Guarulhos","SP","","","-23.398","-46.431","","27/02/2026","Importação PDF"
"Assembléia de Deus Vila Bela","Igreja Assembleia de Deus","","R. Caetano Picardi, 18","","Guarulhos","SP","","","-23.4675941","-46.5277704","","27/02/2026","Importação PDF"
"AD Vila Bela - São João","Igreja Assembleia de Deus","","R. Lagoa de Dentro, 62","Jardim São João","Guarulhos","SP","(11) 2469-2929","","-23.4138065","-46.4562976","Congreguei por vários anos, muito bom os cultos.","27/02/2026","Importação PDF"
"Assembleia De Deus De Vila Bela","Instituição religiosa","","R. Cel. Ezequiel","","Guarulhos","SP","","","-23.4038175","-46.4692208","","27/02/2026","Importação PDF"
"ASSEMBLÉIA DE DEUS VILA BELA","Instituição religiosa","","R. Agudos do Sul, 101","Bonsucesso","Guarulhos","SP","","","-23.3940918","-46.5170452","","27/02/2026","Importação PDF"
"AD Vila Bela","Instituição religiosa","","Av. Srg. da Aeronáutica Plínio F. Gonçalves, 1133","Cumbica","Guarulhos","SP","","","-23.4578227","-46.4696396","","27/02/2026","Importação PDF"
"Assembléia De Deus Min. Vila Bela","Instituição religiosa","","R. Elísio Laureano Ferreira, 19","Vila Paraíso","Guarulhos","SP","","","-23.4426966","-46.42587","","27/02/2026","Importação PDF"
"Assembléia de Deus - Ministério Vila Bela","Igreja Assembleia de Deus","","R. Trombudo Central, 87","Jardim Cumbica","Guarulhos","SP","(11) 96286-5551","","-23.4431298","-46.4315853","Casa de Deus, uma Benção...","27/02/2026","Importação PDF"
"Igreja Evangélica Assembléia de Deus Ministério Vila Bela","Igreja Assembleia de Deus","","R. João Pinheiro, 154","Vila Galvão","Guarulhos","SP","","","-23.4523388","-46.5620076","","27/02/2026","Importação PDF"
"Assembléia de Deus Ministério Vila Bela - Pq. Jurema","Igreja Pentecostal","","R. Murutinga, 22","Parque Jurema","Guarulhos","SP","","","-23.444484","-46.4128554","Maravilhoso, está neste lugar,quem ama a DEUS sabe","27/02/2026","Importação PDF"
"Igreja Assembleia Deus Min Belém Jd Vermelhão","Igreja Assembleia de Deus",",phone:","R. da Pátria, 14","Jardim Vermelhão","Guarulhos","SP","","","-23.4599412","-46.433993","Igreja maravilhosa, frequento desde de pequena.","27/02/2026","Importação PDF"
"Assembléia de Deus Ministério Belém - Paraíso 1","Igreja evangélica",",phone:","Av. Purús, 111/117","Paraíso 1","Guarulhos","SP","(11) 2425-1611","","-23.4170169","-46.5058783","Melhor lugar para se estar","27/02/2026","Importação PDF"
"Assembléia de Deus Ministério do Belém","Igreja Assembleia de Deus","","R. Cachoeira, 365","","Guarulhos","SP","","","-23.4465675","-46.5473045","Excelente igreja, receptivos e atenciosos!","27/02/2026","Importação PDF"
"Assembléia de Deus Ministério do Belém","Igreja Assembleia de Deus","","R. Raimundo Almeida de Araújo, 618","","Guarulhos","SP",",state:","","-23.446144","-46.5158261","","27/02/2026","Importação PDF"
"Assembléia de Deus Ministério do Belém Santa Inês","Igreja Assembleia de Deus","","Av. Silvestre Pires de Freitas, 833","Santa Inês","Guarulhos","SP","","","-23.4128268","-46.5094806","","27/02/2026","Importação PDF"
"Igreja assembleia de Deus Ministerio do Belem","Igreja","","Guarulhos - SP","","Guarulhos","SP","","","-23.4618844","-46.5527544","No address details other than city","27/02/2026","Importação PDF"
"Igreja Evangélica Assembléia de Deus Ministério do Belém em São Paulo","Igreja Assembleia de Deus","","R. Tailândia, 246","","Guarulhos","SP","","","-23.4417807","-46.5309059","Ótimo lugar Deus está presente","27/02/2026","Importação PDF"
"Assembléia de Deus Ministério Belém - Jardim Pres. Dutra - Setor 19","Igreja Assembleia de Deus","","R. Alpes, 161","Jardim Pres. Dutra","Guarulhos","SP","","","-23.4218263","-46.4369685","Setor 19, Benção de Deus","27/02/2026","Importação PDF"
"Assembleia de Deus Min Belém - Bela Vista","Igreja Assembleia de Deus","","R. Plutão, 101","Bela Vista","Guarulhos","SP","","","-23.4365132","-46.5099017","ambiente e ótimo local para se aprender a Palavra de Deus","27/02/2026","Importação PDF"
"AD Belém Guarulhos - Sede","Templo","","R. Jacob, 511","","Guarulhos","SP","","","-23.4672368","-46.5536488","Lugar onde realmente a presença de Deus está .","27/02/2026","Importação PDF"
"Assembléia de Deus Belém","Igreja Assembleia de Deus","","R. Imbituba, 208","","Guarulhos","SP","","","-23.4270982","-46.5178718","Onde Deus sempre fala no profundo da minha alma .","27/02/2026","Importação PDF"
"IGREJA ASSEMBLÉIA DE DEUS - MINISTÉRIO BELÉM","Igreja Assembleia de Deus","","Av. Purús, 117","","Guarulhos","SP","","","-23.4170169","-46.5058783","Uma igreja acolhedora!","27/02/2026","Importação PDF"
"Assembléia de Deus Ministério Belém","Igreja gospel","","R. Dona Antônia, 580","","Guarulhos","SP","","","-23.4694811","-46.5434411","Excelente lugar para Cultuar ao Deus Criador de todas as Coisas !","27/02/2026","Importação PDF"
"Assembléia de Deus Ministério Belém","Igreja Assembleia de Deus","","R. Cristolandia, 70","","Guarulhos","SP","","","-23.4449735","-46.5007087","","27/02/2026","Importação PDF"
"Assembléia de Deus Ministério Belém","Igreja Assembleia de Deus","","R. São Sebastião da Amoreira, 248","","Guarulhos","SP","","","-23.4375768","-46.5198966","Excelente, ótimo para vida espiritual e para nossa alma.","27/02/2026","Importação PDF"
"Assembléia De Deus Ministério Belém","Instituição religiosa","","R. Paschoal Conte, 67","","Guarulhos","SP","","","-23.4690514","-46.5470695","","27/02/2026","Importação PDF"
"Assembléia de Deus Ministério do Belém","Igreja Assembleia de Deus","","R. Adolfo Noronha, 75","","Guarulhos","SP","","","-23.4217913","-46.5556213","","27/02/2026","Importação PDF"
"Assembléia de Deus Ministério do Belém","Igreja Assembleia de Deus","","R. João Santana, 144","","Guarulhos","SP","","","-23.4317865","-46.5438057","","27/02/2026","Importação PDF"
"Assembléia De Deus Min Belém. Jd. Nova Cumbica","Igreja Assembleia de Deus",",phone:","R. Damalau, 68","Jardim Nova Cumbica","Guarulhos","SP",",state:","","-23.4598904","-46.4669299","Lugar maravilhoso para ser tocado por Deus","27/02/2026","Importação PDF"
"Igreja Assembléia de DEUS min. Belem jd Maria do Carmo","Igreja Assembleia de Deus",",phone:","R. Pérola Negra, 168","Jardim Maria do Carmo","Guarulhos","SP","","","-23.4637702","-46.4078593","Amo demais, aqui Deus se faz presente","27/02/2026","Importação PDF"
"Assembleia de Deus ministério Belém Jd das nações","Igreja Assembleia de Deus",",phone:","Av. Papa João Paulo I, 177","Jardim das nações","Guarulhos","SP","","","-23.4362455","-46.4618348","Gostei do local.","27/02/2026","Importação PDF"
"Igreja Evangélica Assembleia De Deus Ministério Do Belém","Instituição religiosa","","R. Maria Dias Hog, 132","","Guarulhos","SP","","","-23.4272499","-46.5567737","BENÇÃO GRAÚDA.","27/02/2026","Importação PDF"
"Igreja Evangélica Assembléia De Deus Ministério Belém","Instituição religiosa",",phone:","R. Adonirã Barbosa","","Guarulhos","SP","","","-23.4675941","-46.5277704","","27/02/2026","Importação PDF"
"Igreja Assembleia de Deus Minsterio Do Belem","Igreja Assembleia de Deus",",phone:","R. Luís Caputo, 207","","Guarulhos","SP","","","-23.3728627","-46.4525124","lugar para se estar ,onde se ouve verdadeira palavra de Deus 🙏🙏","27/02/2026","Importação PDF"
"IGREJA ASSEMBLEIA DE DEUS MINISTÉRIO DO BELÉM","Instituição religiosa",",phone:","R Paulo - R. Paulo Sérgio de Abreu, 296","","Guarulhos","SP","","","-23.4675941","-46.5277704","","27/02/2026","Importação PDF"
"Novo Templo - Assembléia de Deus Ministério do Belém Dutra 1","Igreja",",phone:","R. Waldemar de Paula Ferreira, 405","Dutra 1","Guarulhos","SP","","","-23.4772547","-46.5274712","Lugar maravilhoso onde gostamos de estar","27/02/2026","Importação PDF"
"Assembleia de Deus - Ministério do Belém - Jd. São Domingos","Igreja Assembleia de Deus","","R. Caçador, 192","Jardim São Domingos","Guarulhos","SP","","","-23.4141614","-46.4961185","Igreja raíz, quem quer servir a Deus de verdade, é excelente","27/02/2026","Importação PDF"
"Assembléia de Deus ministério do Belém Ponte Alta I","Igreja Assembleia de Deus",",phone:","R. Maria Aparecida Barbosa Guimarães, 39","Ponte Alta I","Guarulhos","SP","","","-23.4046255","-46.5181324","Lugar de adoração a Deus","27/02/2026","Importação PDF"
"ASSEMBLÉIA DE DEUS Ministério do Belém","Igreja gospel","","R. São Sebastião da Boa Vista","","Guarulhos","SP","","","-23.4227052","-46.4950161","","27/02/2026","Importação PDF"
"ASSEMBLÉIA DE DEUS Ministério do Belém","Instituição religiosa",",phone:","R. Ivanete de Menezes Lira, 322","","Guarulhos","SP","","","-23.4675941","-46.5277704","Muito bom, excelente para cultuar a Deus","27/02/2026","Importação PDF"
"Assembléia de Deus Ministério de Belém","Igreja evangélica",",phone:","R. Nilópolis, 131","","Guarulhos","SP","","","-23.4534684","-46.4823761","","27/02/2026","Importação PDF"
"Assembléia de Deus Ministério Belém - Jardim City","Igreja Assembleia de Deus",",phone:","R. Cachoeira, 2709","Jardim City","Guarulhos","SP","","","-23.4315564","-46.5385425","","27/02/2026","Importação PDF"
"Assembléia De Deus Ministério Belém","Instituição religiosa",",phone:","Estr. do Saboó, 1632","","Guarulhos","SP","","","-23.3298797","-46.441637","Casa de aconchego, paz e bençãos com palavra e louvor.","27/02/2026","Importação PDF"
"Assembléia de Deus Ministério Belém","Templo",",phone:","432, R. Ponta Grossa, 382","","Guarulhos","SP","(11) 2796-9122","","-23.3903104","-46.4426378","","27/02/2026","Importação PDF"
"Assembléia de Deus ministério Belém","Igreja",",phone:","R. Onze, 136","","Guarulhos","SP","","","-23.4633656","-46.4004234","","27/02/2026","Importação PDF"
"Assembleia de Deus Ministério Belém","Igreja",",phone:","Praça Orobó, 167","","Guarulhos","SP","","","-23.4213519","-46.4334366","Excelente igreja, fui e gostei muito.","27/02/2026","Importação PDF"
"Assembleia De Deus Min. Belém","Igreja Assembleia de Deus",",phone:","R. Campo dos Lírios","","Guarulhos","SP","","","-23.4675941","-46.5277704","Casa de oração,onde verdadeiramente se prega a palavra de Deus 🙏","27/02/2026","Importação PDF"
"Assembleia de Deus Belém","Igreja",",phone:","Guarulhos - SP","","Guarulhos","SP","","","-23.4618844","-46.5527544","Lugar onde temos paz e união","27/02/2026","Importação PDF"
"Assembleia de Deus - Ministério do Belém Setor 49 - Vila São Gabriel","Igreja Assembleia de Deus","","R. São Francisco do Sul, 11","Vila São Gabriel","Guarulhos","SP","","","-23.4619381","-46.4304827","Setor 49, Congrego nesta igreja há 23 anos, onde cresci espiritualmente.","27/02/2026","Importação PDF"
"Assembléia de Deus - Ministério do Belém","Igreja",",phone:","R. Sete, 80","","Guarulhos","SP","","","-23.439533","-46.5618754","","27/02/2026","Importação PDF"
"AD Belém Guarulhos - Jardim São Manoel","Igreja Assembleia de Deus",",phone:","R. Luciara, 83","Jardim São Manoel","Guarulhos","SP",",state:","","-23.4462253","-46.4569814","Nesta casa de oração recebi Milagres e promessas de Deus","27/02/2026","Importação PDF"
"AD Belém Guarulhos - Vila Galvão","Igreja Assembleia de Deus","","R. Edith, 93","Vila Galvão","Guarulhos","SP","","","-23.4592995","-46.5689075","Ótima sinto a presença de Deus uma benção","27/02/2026","Importação PDF"
"ASSEMBLEIA DE DEUS","MINISTÉRIO BELÉM",",phone:","Avenida Palmira Rossi, 940","Recreio São Jorge","Guarulhos","SP","","","-23.4018419","-46.5141232","","27/02/2026","Importação PDF"
"Assembleia de Deus - Ministério do Belém Setor 49 - Vila Izabel","Igreja evangélica","","R. Um, 519","Vila Izabel","Guarulhos","SP","","","-23.4284298","-46.5298158","Setor 49, Lugar de muita paz, pessoas cordiais e palavras de Deus","27/02/2026","Importação PDF"
"AD Belém Lavras - Guarulhos/SP","Igreja Assembleia de Deus",",phone:","R. Barra dos Mendes, 283","Lavras","Guarulhos","SP","","","-23.3984986","-46.43266","Excelente, muito bom adorar ao Senhor.","27/02/2026","Importação PDF"
"ASSEMBLEIA DE DEUS MINISTÉRIO DO BELÉM","Instituição religiosa","","Estr. Velha Pimentas, 379","Pimentas","Guarulhos","SP","","","-23.4729996","-46.4344413","Congrego aí alegrei-me quando me disseram vamos a casa do Senhor Sl 122:1","27/02/2026","Importação PDF"
"AD Belém Guarulhos - Vila Barros","Igreja Assembleia de Deus","","R. Carlos Korkischko, 294","Vila Barros","Guarulhos","SP","","","-23.4464902","-46.5038739","Melhor lugar para glorificar o nome de Jesus","27/02/2026","Importação PDF"
"AD Belém Guarulhos - Jardim Cumbica","Igreja Assembleia de Deus","","R. Abaiara, 151","Jardim Cumbica","Guarulhos","SP","","","-23.4515265","-46.4736039","Excelente lugar para adorar a Deus","27/02/2026","Importação PDF"
"AD Belém Guarulhos - Jardim Palmira","Igreja Assembleia de Deus","","R. Vivência Espírito Santo, 266","Jardim Palmira","Guarulhos","SP","","","-23.4335176","-46.5606552","Lugar maravilhoso para edificar sua vida espiritual ❤️.","27/02/2026","Importação PDF"
"Assembleia de Deus - Ministério do Belém Setor 49 - Parque Jurema","Igreja Assembleia de Deus","","R. Capibaribe, 206","Parque Jurema","Guarulhos","SP","","","-23.444484","-46.4128554","Setor 49, Uma experiência única Relacionamento com Deus maravilhoso","27/02/2026","Importação PDF"
"AD Belém Guarulhos - Jardim São João","Igreja Assembleia de Deus",",phone:","Av. Riachuelo, 404","Jardim São João","Guarulhos","SP","","","-23.4129509","-46.4586197","","27/02/2026","Importação PDF"
"Assembleia de Deus Ministério do Belém - Recanto Verde","Igreja",",phone:","Rua dos Ipês, 17","Recanto Verde","Guarulhos","SP","","","-23.475653","-46.419089","","27/02/2026","Importação PDF"
"Igreja Batista Central De Guarulhos","Igreja Batista","","Av. Esperança, 519","Centro","Guarulhos","SP","(11) 2442-7300","","-23.4638374","-46.531883","fui muito bem recebida, são pontualissímos com horário!","27/02/2026","Importação PDF"
"Impacto Church","Igreja","","R. Brás Cubas, 239","Vila Moreira","Guarulhos","SP","(11) 99020-9172","","-23.4619619","-46.528774","Igreja acolhedora, limpa, organizada.","27/02/2026","Importação PDF"
"BURN Guarulhos","Igreja cristã","","R. Nossa Sra. Mãe dos Homens, 523","Vila de Camargo","Guarulhos","SP","","","-23.456","-46.529","Melhor lugar da terra ♥️","27/02/2026","Importação PDF"
"Igreja Evangélica Batista de Guarulhos","Igreja Batista","","Av. João Bernardo Medeiros, 216","Jardim Bom Clima","Guarulhos","SP","","","-23.4565359","-46.5195859","","27/02/2026","Importação PDF"
"Igreja Batista Independente de Guarulhos","Igreja Batista","","R. Augusto Calheiros, 124","Vila das Palmeiras","Guarulhos","SP","(11) 2443-2397","","-23.4520454","-46.5263337","Excelente palestras de muita paz e amor as escrituras.","27/02/2026","Importação PDF"
"PRIMEIRA IGREJA BATISTA EM GUARULHOS","Igreja Batista","","R. Ouvidor, 248","Centro","Guarulhos","SP","(11) 95956-0309","","-23.465809","-46.533202","e uma gde satisfação ser membro da pibg, um lugar de adoração a Deus!","27/02/2026","Importação PDF"
"Igreja Batista Bíblica","Igreja Batista","","R. Tabajara, 494","Vila São Jorge","Guarulhos","SP","(11) 2461-0076","","-23.4632819","-46.5210765","Ótima igreja !!","27/02/2026","Importação PDF"
"Primeira Igreja Batista em Taboão - Guarulhos","Igreja Batista","","R. Palestra, 151","Jardim Taboão","Guarulhos","SP","","","-23.4285627","-46.5038088","Lugar familiar ❤️","27/02/2026","Importação PDF"
"Igreja Batista da Lagoinha - Guarulhos","Igreja Batista","","Av. Antônio de Souza, 779","Jardim Santa Francisca","Guarulhos","SP","(11) 96572-3608","","-23.4719737","-46.5203645","Lugar maravilhoso cheio de paz e bençãos excelente","27/02/2026","Importação PDF"
"Primeira Igreja Batista Renovada de Guarulhos","Igreja Batista","","Alameda Tutóia, 363","Gopoúva","Guarulhos","SP","","","-23.4622605","-46.5412647","Lugar aonde a palavra de DEUS é pregada e sinto muita Paz!!!!!","27/02/2026","Importação PDF"
"IBARP - Igreja Batista Reformada Paraiso","Igreja","","R. Prof. Vasco de Queiroz Guimarães, n° 67","Vila Paraíso","Guarulhos","SP","(11) 98052-2408","","-23.4493732","-46.516758","Uma igreja imperfeita, firmada no Perfeito Cristo.","27/02/2026","Importação PDF"
"PRIMEIRA IGREJA BATISTA DO JARDIM JOVAIA","Igreja Batista","","R. Particular das Oliveiras, 48","Jardim Jovaia","Guarulhos","SP","(11) 2404-0433","","-23.4317052","-46.5168474","Lugar onde a palavra de Deus é pregada","27/02/2026","Importação PDF"
"Igreja Batista de Vila Barros","Templo","","R. Canutama, 326","Vila Barros","Guarulhos","SP","","","-23.4519638","-46.5073725","... Rio de janeiro, agora no momento estou residindo em Guarulhos.","27/02/2026","Importação PDF"
"IGREJA DA CIDADE EM GUARULHOS","Igreja Batista","","Av. Tiradentes, 633","Centro","Guarulhos","SP","(11) 97629-1922","","-23.46748","-46.5355138","Lugar abençoado pessoal simpático Presença de Deus nos cultos.","27/02/2026","Importação PDF"
"SOU Igreja Batista","Igreja Batista","","R. Jacob, 144","Jardim Tranquilidade","Guarulhos","SP","(11) 99295-0177","","-23.4672368","-46.5536488","Igreja top, líderes tops, comunhão top…","27/02/2026","Importação PDF"
"Igreja Evangélica Batista Ethnos","Organização religiosa","","R. Mandaguari, 97","Jardim Santa Mena","Guarulhos","SP","(11) 99305-9635","","-23.4479061","-46.5202439","Lugar de verdadeiros adoradores que pregam a palavra verdadeira.","27/02/2026","Importação PDF"
"Igreja Batista Bíblica de Guarulhos","Igreja Batista","","R. Silvio Maia, 153","Vila Maria Augusta","Guarulhos","SP","(11) 2408-9636","","-23.4562763","-46.5394473","Excelente local,irmãos amorosos.","27/02/2026","Importação PDF"
"Associação das Igrejas Batistas de Guarulhos Adjacências","Associação / organização","","Av. Esperança, 519","Centro","Guarulhos","SP","(11) 2443-5511","","-23.4638374","-46.531883","","27/02/2026","Importação PDF"
"Igreja Batista em Jardim Paulista","Igreja Batista","","R. Visc. de Cairú, 309","Jardim Paulista","Guarulhos","SP","(11) 2451-1806","","-23.4350069","-46.5506603","Excelente local, boa localização, infraestrutura, recepção das pessoas.","27/02/2026","Importação PDF"
"Igreja Verbo Vivo núcleo Bom Clima","Igreja evangélica","","Av. Gilberto Dini, 424","Bom Clima","Guarulhos","SP","","","-23.4505163","-46.5164821","Um culto abençoado, lembrando as promessas de Deus...","27/02/2026","Importação PDF"
"Ministério Verbo Vivo","Igreja evangélica","","R. Samuel Libório de Ávila, 52","Jardim Pinhal","Guarulhos","SP","(11) 2441-0004","","-23.4237458","-46.5257948","Local onde fui impactado pela presença de Deus.","27/02/2026","Importação PDF"
"Ministério Verbo Vivo","Igreja gospel","","R. Dona Antônia, 593","Vila Alzira","Guarulhos","SP","(11) 2441-0004","","-23.4694811","-46.5434411","Igreja ampla, bem ventilada, possui estacionamento e um café.","27/02/2026","Importação PDF"
"Igreja Verbo da Vida","Verbo da Vida","","Av. Santana, 582","Jardim Munhoz","Guarulhos","SP","(11) 2421-4955","","-23.447493","-46.540449","CEP: 07033-010","27/02/2026","Importação PDF"
"Igreja Presbiteriana no Bairro dos Pimentas","Presbiteriana","","Rua Igarapé Grande, 234","Jardim Carvalho","Guarulhos","SP","","","-23.4464345","-46.4096366","","27/02/2026","Importação PDF"
"Terceira Igreja Presbiteriana Independente de Guarulhos","Presbiteriana Independente","","Rua Presbítero Dionísio Fernandes de Almeida, 18","","Guarulhos","SP","","","-23.4417926","-46.547316","","27/02/2026","Importação PDF"
"Igreja Presbiteriana Betel de Guarulhos","Presbiteriana Betel","","Rua José Volpi, 151","Jardim Santa Edwirges","Guarulhos","SP","","","-23.4538877","-46.5095698","","27/02/2026","Importação PDF"
"igreja Nasci pra Deus","","Ney Messias","Av. Monteiro Lobato, 1522","macedo","Guarulhos","SP","940215553","","-23.4670169","-46.5149134","","27/02/2026","Importação PDF"
"Igreja Assembleia de Deus Ministério Belém ","AD BELÉM ","Pastor Paulo","Av. luiz Gonzaga do Nascimento, 874","Jardim Ponte Alta I","Guarulhos","SP","11-930171995","","-23.382","-46.425","","26/02/2026","Equipe"
"Igreja Batista em Vila Carmela","Batista","Pr. Edimar das Neves","Rua das Flores, 15","Vila Carmela","Guarulhos","SP","(11) 94481-1871","","-23.4013596","-46.3925944","","26/02/2026","Importação PDF"
"Primeira IB do Lavras","Batista","Pr. Valdizar Mendes de Carvalho","R. Uibaí, 182","Lavras","Guarulhos","SP","(11) 2403-5652","","-23.3998827","-46.4333639","","26/02/2026","Importação PDF"
"Igreja Batista Taboão Guarulhos","Batista","N/I","R. Palestra, 46","Taboão","Guarulhos","SP","(87) 3862-2385","","-23.4285627","-46.5038088","ID 9156, Próxima à região industrial","26/02/2026","Importação PDF"
"Igreja Batista Luz - Guarulhos","Batista","N/I","Av. São Paulo, 03-A","Jardim Tranquilidade","Guarulhos","SP","N/I","","-23.4753703","-46.5540035","ID 8962, Região da Vila Augusta","26/02/2026","Importação PDF"
"Igreja Batista Peniel - Guarulhos","Batista","Pr. Antônio Henrique de Souza Lima","Rua Mutuípe, 387","Jardim Pres. Dutra","Guarulhos","SP","(11) 2431-3506","","-23.4207316","-46.4305536","ID 2413","26/02/2026","Importação PDF"
"IB Betel em Cid. Jd. Cumbica","Batista","Pr. Nunes Pataqui","Rua Birigui, 1139","Cidade Jd. Cumbica","Guarulhos","SP","(11) 2482-3388","","-23.4509356","-46.4659399","","26/02/2026","Importação PDF"
"Igreja Batista Cidade Brasil","Batista","N/I","R. Deniz Brian, 112","Vila São Rafael","Guarulhos","SP","(11) 601-7535","","-23.4788412","-46.556431","ID 9003, Próxima à Rod. Fernão Dias","26/02/2026","Importação PDF"
"Igreja Batista Unida em Guarulhos","Batista","Pr. N/I","Rua Constantino Burato, 527","Vila Barros","Guarulhos","SP","(11) 2303-8392","","-23.4530981","-46.5060105","ID 3568","26/02/2026","Importação PDF"
"Igreja Batista Urbana - Guarulhos","Batista","Pr. Jeferson Carlos Brito de Alcantara","Rua Dr. Ramos de Azevedo, 159","Centro","Guarulhos","SP","(11) 97864-4621","","-23.4718565","-46.5307899","ID 11426","26/02/2026","Importação PDF"
"Igreja Batista Jardim Paulista","Batista","N/I","R. Visconde de Cairu, 99","Jardim Paulista","Guarulhos","SP","(11) 6451-1806","","-23.5015473","-46.5577565","ID 2013, Região Norte de Guarulhos","26/02/2026","Importação PDF"
"Igreja Batista Ágape - Guarulhos","Batista","N/I","R. Jd. Repouso São Francisco, 07","Parque Maria Helena","Guarulhos","SP","(11) 6498-7314","","-23.43","-46.467","ID 3202, Vinculada à CBB","26/02/2026","Importação PDF"
"5ª IPI de Guarulhos","IPI","N/I","Rua Alegre, 523","N/I","Guarulhos","SP","N/I","","-23.4741763","-46.5554049","Jurisdição do Presbitério Bandeirante","26/02/2026","Importação PDF"
"1ª IPI de Guarulhos","IPI","N/I","Praça Rev. José Alexandre Fogaça, 44","Centro","Guarulhos","SP","(11) 2459-2435","primaguaru@primaguaru.com.br","-23.4685543","-46.5302985","CEP: 07011-040","26/02/2026","Importação PDF"
"4ª IPI de Guarulhos","IPI","N/I","Rua Nello Morganti, 23","Vila Galvão","Guarulhos","SP","N/I","","-23.4331634","-46.4250629","Jurisdição do Presbitério Bandeirante","26/02/2026","Importação PDF"
"3ª IPI de Guarulhos","IPI","Shirley Maria S. Proença","Rua Presb. Dionísio F. de Almeida, 18","Jardim Terezópolis","Guarulhos","SP","(11) 4970-5109","","-23.4735","-46.5273","CEP: 07082-060; CNPJ Ativo desde 1977","26/02/2026","Importação PDF"
"4ª Igreja de Guarulhos","","Presbitério de Guarulhos","Av. Delfinópolis, 409","Cidade Ceródia","Guarulhos","SP","","","-23.4155051","-46.4596496","CEP: 07151-110; Expansão para a zona norte do município","26/02/2026","Importação PDF"
"2ª Igreja de Guarulhos","","Presbitério de Guarulhos","Rua Visconde de Cairu, 17b","Jardim Paulista","Guarulhos","SP","","","-23.4350069","-46.5506603","CEP: 07083-120; Unidade federada vinculada ao concílio regional","26/02/2026","Importação PDF"
"Igreja Presbiteriana Esmirna","Presbiteriana","Rev. Ivan Almeida da Cunha","Rua Arakci Borazanian, 72","Parque Continental II","Guarulhos","SP","","","-23.4296632","-46.5479632","CEP: 07084-380; CNPJ: 10.528.534/0001-49; Chave Pix: CNPJ","26/02/2026","Importação PDF"
"3ª Igreja de Guarulhos","","Presbitério de Guarulhos","Praça dos Aviadores, 30","Cocaia","Guarulhos","SP","","","-23.4398282","-46.5215919","CEP: 07130-260; Localização estratégica próxima ao aeroporto","26/02/2026","Importação PDF"
"1ª Igreja de Guarulhos (Gopoúva)","","Presbitério de Guarulhos","Av. Torres Tibagy, 128","Gopoúva","Guarulhos","SP","","","-23.4646228","-46.5470809","CEP: 07062-000; Registro oficial no Sínodo de Guarulhos","26/02/2026","Importação PDF"
"Igreja Batista TOV","Batista","Pr. Jeferson Alcântara","Av. Dr. Timóteo Penteado, 613","Centro","Guarulhos","SP","11 96223-1739","","-23.4596532","-46.5366621","CEP: 07094-000","26/02/2026","Importação PDF"
"Igreja Makairos Church ","Igreja independente ","Pastor Oliveira","Rua Treze de Maio, 500","Vila Galvão","Guarulhos","SP","(11) 990117373","","-23.444747","-46.568478","","26/02/2026","Equipe"
"Igreja Bíblica Moria","Igreja independência ","Pastor Hélio ","Rua Teixeira de Soares, 90","Jardim das Acácias","Guarulhos","SP","(11)993327517","","-23.4934","-46.4447","Pastor muito receptivo ","26/02/2026","Equipe"
"Renascer Hall Guarulhos (Sede Regional)","Igreja Renascer em Cristo","Bispo José Marcelo e Bispa Isabel Oliveros","Av. Presidente Salgado Filho, 1412","Centro","Guarulhos","SP","","","-23.4685543","-46.5302985","Sede Regional","23/02/2026","Importação PDF"
"Igreja Pentecostal Plenitude de Deus (Ministério Jeová Jireh)","Igreja Pentecostal Plenitude de Deus (Ministério Jeová Jireh)","","Endereço não informado","Jardim Ponte Alta","Guarulhos","SP","","","-23.3982","-46.4022","Address not provided in text","23/02/2026","Importação PDF"
"Comunidade Luterana de Guarulhos (IECLB)","Comunidade Luterana de Guarulhos (IECLB)","","Rua Cidade Lion, 129","Picanço","Guarulhos","SP","","","-23.4502905","-46.5467393","IECLB","23/02/2026","Importação PDF"
"Igreja Renascer em Cristo – Pimentas","Igreja Renascer em Cristo","Pra. Fátima Renascer","Rua Javari, 92","Parque Jurema","Guarulhos","SP","","","-23.4455227","-46.4157148","Region: Pimentas","23/02/2026","Importação PDF"
"Comunidade da Graça em Guarulhos","Comunidade da Graça","Pr. Fernando Diniz","Rua Londrina, 192","Vila Endres","Guarulhos","SP","","","-23.4847352","-46.5475034","","23/02/2026","Importação PDF"
"Sara Nossa Terra – Guarulhos (Centro)","Sara Nossa Terra","","","Centro","Guarulhos","SP","","","-23.4685543","-46.5302985","Address not provided in text","23/02/2026","Importação PDF"
"Igreja Pentecostal Eu Sou a Luz do Mundo","Igreja Pentecostal Eu Sou a Luz do Mundo","Pr. Adilson Cavalcante","Endereço não informado","Cidade Soberana","Guarulhos","SP","","","-23.4007359","-46.4395103","Address not provided in text","23/02/2026","Importação PDF"
"Igreja Luterana Cordeiro de Deus (IELB) - Bonsucesso","IELB","","Av. Carmela Thomeu, 845","Bonsucesso","Guarulhos","SP","","","-23.399648","-46.3943438","IELB","23/02/2026","Importação PDF"
"Igreja Luterana Cordeiro de Deus (IELB) - Parque Mikail","IELB","","Rua Dolomita, 20","Parque Mikail","Guarulhos","SP","","","-23.4074403","-46.4986462","IELB","23/02/2026","Importação PDF"
"Bola de Neve Church Guarulhos","Bola de Neve Church","Pr. Abimael e Pra. Patricia Muraca","Rua Siqueira Campos, 110","Centro","Guarulhos","SP","","","-23.4689803","-46.5265073","","23/02/2026","Importação PDF"
"Igreja AD Bom Retiro – Congregação Guarulhos","Assembleias de Deus (Outros Ministérios)","","Rua Padre João Anchieta, 385","Centro","Guarulhos","SP","","","-23.4685543","-46.5302985","CEP não informado","23/02/2026","Importação PDF"
"Igreja AD Ministério do Belém – Congregação Jd. A. Prado","Assembleias de Deus (Outros Ministérios)","","Rua Plutão, 14","Jardim Alice Prado","Guarulhos","SP","","","-23.4365132","-46.5099017","CEP não informado","23/02/2026","Importação PDF"
"Igreja AD Cidade Satélite (Cumbica)","Assembleias de Deus (Outros Ministérios)","","","Cumbica","Guarulhos","SP","","","-23.4578227","-46.4696396","CEP não informado","23/02/2026","Importação PDF"
"Igreja AD Nova Dimensão (Vila Galvão e Macedo)","Assembleias de Deus (Outros Ministérios)","","","Vila Galvão / Macedo","Guarulhos","SP","","","-23.4675941","-46.5277704","CEP não informado","23/02/2026","Importação PDF"
"Igreja AD Ministério do Moreira (Parque Continental II)","Assembleias de Deus (Outros Ministérios)","","","Parque Continental II","Guarulhos","SP","","","-23.429809","-46.5528131","CEP não informado","23/02/2026","Importação PDF"
"Igreja Presbiteriana Antioquia","IPI","Não informado","Endereço não informado","Jardim Paraventi","Guarulhos","SP","","","-23.4419","-46.5028","Endereço não informado no texto original","23/02/2026","Importação PDF"
"Primeira Igreja Presbiteriana de Guarulhos","IPB","Rev. Lucas Tucci","Rua Celso, 24","Vila Progresso","Guarulhos","SP","","","-23.4579629","-46.5364278","CEP: 07095-170 (Address provided mentions Vila Progresso)","23/02/2026","Importação PDF"
"Igreja Presbiteriana Metropolitana de Guarulhos","IPM","Rev. José Roberto","Rua do Saboó, 32","Jardim Barbosa","Guarulhos","SP","","","-23.4658038","-46.5226692","CEP: 07114-110 (Address provided mentions Jardim Barbosa)","23/02/2026","Importação PDF"
"Catedral/Templo Sede da Quadrangular (Cocaia)","Igreja do Evangelho Quadrangular (IEQ)","Rev. Antonio","Av. Brigadeiro Faria Lima, 2292","Jardim Cocaia","Guarulhos","SP","","","-23.4351315","-46.5220643","CEP não informado","23/02/2026","Importação PDF"
"IEQ Jardim Valéria","Igreja do Evangelho Quadrangular (IEQ)","","Av. Rouxinol, s/n","Jardim Valéria","Guarulhos","SP","","","-23.4245451","-46.5324435","CEP não informado","23/02/2026","Importação PDF"
"IEQ Jardim Palmira","Igreja do Evangelho Quadrangular (IEQ)","","Rua Glauco Antônio Galli, 394","Jardim Palmira","Guarulhos","SP","","","-23.4338218","-46.5631824","CEP não informado","23/02/2026","Importação PDF"
"IEQ Parque Continental II","Igreja do Evangelho Quadrangular (IEQ)","","Rua Cajueiro, 314","Parque Continental II","Guarulhos","SP","","","-23.4314339","-46.5508254","CEP não informado","23/02/2026","Importação PDF"
"Universal Jardim Tranquilidade","Igreja Universal do Reino de Deus (IURD)","","Av. Faria Lima, 2292 (altura)","Jardim Tranquilidade","Guarulhos","SP","","","-23.4668751","-46.5495976","CEP Email:","23/02/2026","Importação PDF"
"Catedral da Fé – Universal Guarulhos (Macedo)","Igreja Universal do Reino de Deus (IURD)","","Av. Paulo Faccini, 705","Macedo","Guarulhos","SP","Macedo","","-23.4645561","-46.5266524","CEP Email:","23/02/2026","Importação PDF"
"Universal dos Pimentas","Igreja Universal do Reino de Deus (IURD)","","Estrada Pres. Juscelino Kubitschek de Oliveira, 255 (Qd.45 L03)","Bairro dos Pimentas","Guarulhos","SP","","","-23.4636226","-46.4036265","CEP Email:","23/02/2026","Importação PDF"
"Templo Sede da Mundial","Igreja Mundial do Poder de Deus (IMPD)","Bispo João e Pastora Gilvanete","Av. Monteiro Lobato, 1283","Macedo / Centro","Guarulhos","SP","","","-23.4694298","-46.5201505","CEP Email:","23/02/2026","Importação PDF"
"Igreja Mundial Taboão / CECAP","Igreja Mundial do Poder de Deus (IMPD)","","Av. Monteiro Lobato, 1435","Taboão / CECAP","Guarulhos","SP","","","-23.4596844","-46.4967209","CEP Email:","23/02/2026","Importação PDF"
"Igreja Mundial – Parque Continental I","Igreja Mundial do Poder de Deus (IMPD)","","Rua Paulo Castaldelli, 348","Parque Continental I","Guarulhos","SP","","","-23.4353866","-46.5528044","CEP Email:","23/02/2026","Importação PDF"
"IIGD Piratininga","Igreja Internacional da Graça de Deus (IIGD)","Subcongregação de Pr. Henrique","Rua Francisco Otaviano, 275","Piratininga","Guarulhos","SP","","","-23.4392612","-46.3837935","CEP Email:","23/02/2026","Importação PDF"
"IIGD Taboão","Igreja Internacional da Graça de Deus (IIGD)","Subcongregação de Pr. Henrique","Av. Silvestre Pires de Freitas, 791","Taboão","Guarulhos","SP","","","-23.4128268","-46.5094806","CEP Email:","23/02/2026","Importação PDF"
"Templo Central da Graça","Igreja Internacional da Graça de Deus (IIGD)","","Rua Harry Simonsen, 55/57","Centro","Guarulhos","SP","","","-23.4706608","-46.524857","CEP Email:","23/02/2026","Importação PDF"
"IIGD Parque Continental II","Igreja Internacional da Graça de Deus (IIGD)","Pr. Henrique","Rua João Genuíno Sobral, 161","Parque Continental 2","Guarulhos","SP","","","-23.4274259","-46.5521591","CEP Email:","23/02/2026","Importação PDF"
"CCB Jardim São Paulo","Congregação Cristã no Brasil","","Rua Uganda, 156","Jardim São Paulo","Guarulhos","SP","","","-23.4411197","-46.5267764","CEP not provided","23/02/2026","Importação PDF"
"CCB Vila Galvão (Picanço)","Congregação Cristã no Brasil","","Av. Koki Koga, 245","Vila Galvão / Picanço","Guarulhos","SP","","","-23.4344907","-46.5546513","CEP not provided","23/02/2026","Importação PDF"
"CCB Lavras","Congregação Cristã no Brasil","","Rua Barra dos Mendes, 203","Lavras","Guarulhos","SP","","","-23.3984986","-46.43266","CEP not provided","23/02/2026","Importação PDF"
"Primeira Igreja Batista de Cumbica","Batista","Pr. Cleibe Alexandre Tiveron de Oliveira","Av. João Veloso da Silva, 546","Cidade Jardim Cumbica","Guarulhos","SP","","","-23.4523772","-46.4826942","CEP não informado","23/02/2026","Importação PDF"
"Igreja Batista Bíblica de Guarulhos (IBBG)","Batista Bíblica","Pr. Wagner Bueno","Rua Silvio Maia, 153","Vila Progresso","Guarulhos","SP","","","-23.4562763","-46.5394473","CEP não informado","23/02/2026","Importação PDF"
"Igreja Batista de Vila Augusta","Batista","","Rua Cônego Valadão, 1519","Gopoúva/Vila Augusta","Guarulhos","SP","","","-23.4770814","-46.5450852","CEP não informado","23/02/2026","Importação PDF"
"Primeira Igreja Batista em Bonsucesso","Batista","Pr. Hélio Dibiasi","Rua Orlando Ramos, 393","Jardim Triunfo","Guarulhos","SP","","","-23.4150712","-46.4043432","CEP não informado","23/02/2026","Importação PDF"
"Primeira Igreja Batista em Guarulhos (PIBG)","Batista","","Rua Ouvidor, 248","Parque Santo Antônio","Guarulhos","SP","","","-23.4579306","-46.557618","CEP não informado","23/02/2026","Importação PDF"
"AD Sub - Jardim Angélica","Assembleia de Deus - Ministério de Madureira","Pr. Jeová Agripino Santos","Endereço integrado à Gopoúva","Jardim Angélica","Guarulhos","SP","(11) 9.6752-2160","jeova1030@hotmail.com","-23.4417175","-46.429377","Congregação ligada à Gopoúva; Extraído de fonte IMW","23/02/2026","Importação PDF"
"Igreja Metodistas Wesleyanas (IMW) - Parque Mikail","Metodistas Wesleyanas","Rev. Natanael João de Oliveira","Estrada Municipal, 629","Mikail II","Guarulhos","SP","(11) 9.4463-0039","prnatanaeljo@gmail.com","-23.4112219","-46.4984544","Extraído de fonte IMW","23/02/2026","Importação PDF"
"Igreja Metodistas Wesleyanas (IMW) - Rosa de França","Metodistas Wesleyanas","Pr. Érico Randa Ibiapino Cantanhede","Rua Marcos Antônio Liota, 238","Picanço","Guarulhos","SP","(13) 9.9792-5563","ericocantanhede25@gmail.com","-23.4461775","-46.549174","Extraído de fonte IMW","23/02/2026","Importação PDF"
"Igreja Metodistas Wesleyanas (IMW) - Pimentas","Metodistas Wesleyanas","Pr. Edilson Vasconcelos Dantas","Estrada do Sacramento, 778","Jardim Tupinambás","Guarulhos","SP","(12) 9.9174-9292","pastoredilson@gmail.com","-23.4638023","-46.4019692","Extraído de fonte IMW","23/02/2026","Importação PDF"
"Igreja Metodistas Wesleyanas (IMW) - Gopoúva","Metodistas Wesleyanas","Rev. Márcio Santos","Alameda Tutóia, 446","Gopoúva","Guarulhos","SP","(11) 9.6085-9572 / (11) 9.6085-9558 / (11) 9.3907-4163","marciosantos100@hotmail.com","-23.4622605","-46.5412647","Extraído de fonte IMW; Rev. Márcio Santos, Miss. Alessandra Santos e Miss. Jusemara Vieira","23/02/2026","Importação PDF"
"Igreja Metodistas Wesleyanas (IMW) -  Recreio São Jorge","Metodistas Wesleyanas","Rev. Elvio Luiz Schneider Junior","Av. Palmira Rossi, 1303","Recreio São Jorge","Guarulhos","SP","(11) 9.6718-4039 / (11) 9.8241-0448","elvio_schneider@hotmail.com","-23.4039379","-46.5176844","Extraído de fonte IMW; Rev. Elvio Luiz Schneider Junior e Miss. Aline Goulart Schneider","23/02/2026","Importação PDF"
"Igreja Metodistas Wesleyanas (IMW) - Parque Continental II","Metodistas Wesleyanas","Pr. Alessandro da Hora","Rua João Batista Carneiro, 157","Parque Continental II","Guarulhos","SP","(11) 9.5217-8593 / (11) 9.6191-1956","dahorasandro@hotmail.com","-23.4301546","-46.5521777","Extraído de fonte IMW; Pr. Alessandro da Hora e Pr. Carlos Menande de Souza","23/02/2026","Importação PDF"
"Igreja Metodistas Wesleyanas (IMW) - Jardim Guaracy","Metodistas Wesleyanas","Rev. Palmireno Mendes","Rua dos Policiais, 159","Jardim Guaracy","Guarulhos","SP","(11) 9.5403-9911 / (11) 9.8520-8638","pr_mendes@hotmail.com","-23.4780751","-46.3921986","Extraído de fonte IMW; Rev. Palmireno Mendes e Col. Paulo Nunes","23/02/2026","Importação PDF"
"AD Sub 2 - Parque Brasília","Assembleia de Deus - Ministério de Madureira","Pb. Clemente Jose da Rocha","Rua Butumirim, 52","Parque Brasília","Guarulhos","SP","98618.8978","","-23.4886","-46.4027","","23/02/2026","Importação PDF"
"AD Sub 1 - Jd. Silvestre","Assembleia de Deus - Ministério de Madureira","Dc. Vilson Machado","Rua Doze número, 30","Jardim Silvestre","Guarulhos","SP","","","-23.4735","-46.4258","","23/02/2026","Importação PDF"
"AD Jardim Maria Dirce","Assembleia de Deus - Ministério de Madureira","Pr. Marcelo Gomes de Sousa","Rua Mascote, 122","Jardim Maria Dirce","Guarulhos","SP","2432.4790 / 94511.2193","","-23.433019","-46.4243915","CEP 07173-310","23/02/2026","Importação PDF"
"AD Sub 2 - Ponte Alta 2","Assembleia de Deus - Ministério de Madureira","Pb. Jean Paulo Souza Dias","Rua Osvaldo Aviles, 177","Ponte Alta","Guarulhos","SP","96131.4453","","-23.4046255","-46.5181324","","23/02/2026","Importação PDF"
"AD Vila Dinamarca","Assembleia de Deus - Ministério de Madureira","Pr. Benedito Fernandes da Silva","Rua Atlas, 92","Vila Dinamarca","Guarulhos","SP","98188.6146 / 2484.1212","","-23.42889","-46.401256","CEP 07251-180","23/02/2026","Importação PDF"
"AD Sub 4 - Jardim Ottawa","Assembleia de Deus - Ministério de Madureira","Pb. Carlos Santana","Rua Itapagé, 07","Jardim Ottawa","Guarulhos","SP","","","-23.4499896","-46.4491297","CEP 07230-170","23/02/2026","Importação PDF"
"AD Jardim Albertina","Assembleia de Deus - Ministério de Madureira","Pb. Sebastião Junior","Rua Manga, 685","Jardim Albertina","Guarulhos","SP","98543.2118","","-23.4354757","-46.4112502","","23/02/2026","Importação PDF"
"AD Jardim Cumbica II","Assembleia de Deus - Ministério de Madureira","Ev. Jair Rodrigues Tavares","Rua Taquaritinga do Norte, 70","Tijuco Preto","Guarulhos","SP","96273.3081","","-23.4560328","-46.4352801","CEP 07240-001","23/02/2026","Importação PDF"
"AD Sub 1 - Vl. Carmela 1","Assembleia de Deus - Ministério de Madureira","Ev. Daniel Jose","Rua Serra do Ouro, 703","Vila Carmela","Guarulhos","SP","94737.9114","","-23.4024612","-46.395457","","23/02/2026","Importação PDF"
"AD Sub 3 - Jardim Arapongas","Assembleia de Deus - Ministério de Madureira","Dc. Adriano Amaral","Rua Meca, 325","Jardim Arapongas","Guarulhos","SP","","","-23.4604898","-46.439592","","23/02/2026","Importação PDF"
"AD Bairro Ponte Alta","Assembleia de Deus - Ministério de Madureira","Pr. Francisco Rodrigues da Silva","R. Zeferino Alves de Oliveira, 1332","Ponte Alta","Guarulhos","SP","94027-9475","","-23.4041918","-46.4170458","","23/02/2026","Importação PDF"
"AD Parque Uirapuru","Assembleia de Deus - Ministério de Madureira","Pr. Hamilton Nascimento","Rua Itatira, 610","Parque Uirapuru","Guarulhos","SP","99022.1582","","-23.4553242","-46.4569663","CEP 07230-300. Contato extra: Joaquim - 96226.3352","23/02/2026","Importação PDF"
"AD Parque Alvorada","Assembleia de Deus - Ministério de Madureira","Pb. Genildo Fernandes Cabral","Rua Santana do Mundaú, 720","Parque Alvorada","Guarulhos","SP","98031.4729","","-23.4437576","-46.4230683","CEP 07242-190","23/02/2026","Importação PDF"
"AD Sub 1 - Bairro Polidura","Assembleia de Deus - Ministério de Madureira","Dc. Damião Pererira","Av. Lindomar Gomes de Oliveira, 131","Cidade Ind. Satélite","Guarulhos","SP","","","-23.4644628","-46.4649295","","23/02/2026","Importação PDF"
"AD Parque das Nações","Assembleia de Deus - Ministério de Madureira","Pr. Wiliam Alcantara","Rua São José do Paraíso, 115","Parque das Nações","Guarulhos","SP","94760.5207","","-23.4395589","-46.4099075","CEP 07243-550","23/02/2026","Importação PDF"
"AD Sub 1 - Bambi","Assembleia de Deus - Ministério de Madureira","Pb. Edmilson da Silva","Rua Dania, 81","Bambi","Guarulhos","SP","95782.2529","","-23.3851289","-46.4014646","","23/02/2026","Importação PDF"
"AD Jardim Cumbica","Assembleia de Deus - Ministério de Madureira","Pr. Lourivaldo Ribeiro","Rua Afonso Cunha, 980","Jardim Cumbica","Guarulhos","SP","91102.1907","","-23.4449297","-46.4375811","CEP 07240-370","23/02/2026","Importação PDF"
"AD Sub 2 - Jd. Cumbica","Assembleia de Deus - Ministério de Madureira","Pb. Francisco Alexandre","Rua Um, 133 - Vila Isabel","Jardim Cumbica","Guarulhos","SP","97753.0880","","-23.4795","-46.4251","Vila Isabel","23/02/2026","Importação PDF"
"AD Bairro de Bonsucesso","Assembleia de Deus - Ministério de Madureira","Pr. Wellandy de Jesus Lemos","Rua Astolfo Dutra, 70","Vila Nova Bonsucesso","Guarulhos","SP","96162.5569 / 2488.5683","welandylemos@gmail.com","-23.405142","-46.3883672","CEP 07176-360","23/02/2026","Importação PDF"
"AD Sub 2 - Cidade Satélite","Assembleia de Deus - Ministério de Madureira","Pb. Marcos Dias Duarte","Rua Munhoz, 30","Cidade Industrial Satélite","Guarulhos","SP","","","-23.4546939","-46.4660276","","23/02/2026","Importação PDF"
"AD Sub 1 - Jd. Cumbica","Assembleia de Deus - Ministério de Madureira","Pr. João Batista Sousa","Rua Ipiobuna, 65","Jardim Cumbica","Guarulhos","SP","97024.3380","","-23.4463943","-46.4401793","","23/02/2026","Importação PDF"
"AD Vila Any","Assembleia de Deus - Ministério de Madureira","Ev. Marcelo Bispo","Rua Santo Antônio do Jacinto, 150","Vila Laurita","Guarulhos","SP","99341-2361 / 98300-5426","","-23.4769539","-46.399705","CEP 07262-510","23/02/2026","Importação PDF"
"AD Vila Itaim","Assembleia de Deus - Ministério de Madureira","Pb. Joel Jose de Sousa","Rua Agostinho Alves Marinho, 246","Vila Itaim","Guarulhos","SP","98819-4067","","-23.4742704","-46.3966603","CEP 08190-440","23/02/2026","Importação PDF"
"AD Jardim Itapuã","Assembleia de Deus - Ministério de Madureira","Ev. Diogo Rodrigues","Rua Princesa Isabel, 372","Jardim Itapuã","Guarulhos","SP","99810.1821","","-23.4542","-46.4035","CEP 08579-100","23/02/2026","Importação PDF"
"AD Parque Piratininga II","Assembleia de Deus - Ministério de Madureira","Pb. Valdeci Sivirino de Oliveira Jr.","Rua Rubens Braga, 251","Itaquaquecetuba","Itaquaquecetuba","SP","95344-8670","","-23.4333894","-46.3740078","CEP 08583-690","23/02/2026","Importação PDF"
"AD Sub 2 - Pq. Sítio São Francisco","Assembleia de Deus - Ministério de Madureira","Pb. Francisco Gualberto da Silva","Rua Brasil, 11","Parque Sítio São Francisco","Guarulhos","SP","97554.9737","","-23.4580469","-46.4021191","","23/02/2026","Importação PDF"
"AD Jardim Angélica","Assembleia de Deus - Ministério de Madureira","Ev. Gilvan Aprigio Rodrigues","Rua Maria das Graças dos Anjos, 99","Jardim Angélica I","Guarulhos","SP","11-96290.0966","","-23.4522818","-46.413118","CEP 07260-310","23/02/2026","Importação PDF"
"AD Jardim Aracília","Assembleia de Deus - Ministério de Madureira","Pr. Renato Alves da Costa","Rua Deira, 146","Jardim Aracília","Guarulhos","SP","91321.8396","","-23.4288","-46.4024","CEP 07250-275","23/02/2026","Importação PDF"
"AD Parque Jandaia","Assembleia de Deus - Ministério de Madureira","Pr. Kleber Batista da Silva","R. Jardim Repouso São Francisco, 156","Parque Maria Helena","Guarulhos","SP","94878-3528 / 2496-0153","","-23.4523157","-46.4013237","CEP 07261-000","23/02/2026","Importação PDF"
"AD Bairro de Nova Cidade","Assembleia de Deus - Ministério de Madureira","Pr. Roberto das Neves","Rua Cícera Adriana Oliveira Cruz, 04","Jardim Nova Cidade","Guarulhos","SP","97950.0107","","-23.4446596","-46.4058692","CEP 07252-510","23/02/2026","Importação PDF"
"AD Sub 1 - Jd. Normandia","Assembleia de Deus - Ministério de Madureira","Ev. Raimundo Nonato Lima Freire","R. São Francisco do Maranhão, 179","Jardim Normândia","Guarulhos","SP","94865.2170","","-23.4485297","-46.4029888","","23/02/2026","Importação PDF"
"AD Jardim Alice","Assembleia de Deus - Ministério de Madureira","Pr. Renato dos Santos","Rua João Moretti, 150","Jardim Maria Alice","Guarulhos","SP","95933.0835","","-23.4497","-46.5057","CEP 07263-390","23/02/2026","Importação PDF"
"AD Bairro dos Pimentas","Assembleia de Deus - Ministério de Madureira","Pr. Eliseu José Nogueira","Rua Jaboatão, 100","Jardim dos Pimentas","Guarulhos","SP","99259.6575 / 2621.4086","dirce.c.nogueira@gmail.com","-23.4704051","-46.4190752","CEP 07273-270","23/02/2026","Importação PDF"
"AD Jardim Bela Vista","Assembleia de Deus - Ministério de Madureira","Pr. João Francisco Dantas","Rua Bela Vista, 182","Jardim Leblon","Guarulhos","SP","95817.3142 / 2406.7232","","-23.4229308","-46.5437841","CEP 07272-000","23/02/2026","Importação PDF"
"AD Parque Piratininga","Assembleia de Deus - Ministério de Madureira","Ev. Adriano dos Santos Bueno","Rua Francisco Otaviano, 152","Parque Piratininga","Guarulhos","SP","97982.0763","","-23.4392612","-46.3837935","CEP 08587-470","23/02/2026","Importação PDF"
"AD Jardim Fortaleza","Assembleia de Deus - Ministério de Madureira","Pr. Luiz Carlos Teixeira Adão","Rua Roberto Magalhães, 22","Jardim Fortaleza","Guarulhos","SP","1196095.2485","","-23.3780472","-46.4454214","CEP 07153-140, Regional 4","23/02/2026","Importação PDF"
"AD Sub 2 - Nova Ponte Alta","Assembleia de Deus - Ministério de Madureira","Pb. Janailton Cardoso Barbosa","Rua Sergipe, 69","Jardim Nova Ponte Alta","Guarulhos","SP","96731.6443","","-23.4451331","-46.5533951","Regional 4","23/02/2026","Importação PDF"
"AD Sub 1 - Cid. Soberana I","Assembleia de Deus - Ministério de Madureira","Pb. Amilton de Carvalho","Rua Palmeira 510","Soberana","Guarulhos","SP","11 97765.0176","","-23.398131","-46.3856781","Regional 4","23/02/2026","Importação PDF"
"AD Sub 1 - Jd. Pres. Dutra II","Assembleia de Deus - Ministério de Madureira","Dc. Enilton Alves","Rua Ipacaetá- 1336","Jardim Presidente Dutra","Guarulhos","SP","95782.2529","","-23.418149","-46.434585","Regional 4","23/02/2026","Importação PDF"
"AD Cidade Cumbica","Assembleia de Deus - Ministério de Madureira","Pr. Sandro Aparecido Lopes","R. Sgt. da Aeronáutica Samuel Ribeiro de Oliveira, 222","Cidade Jardim Cumbica","Guarulhos","SP","96571.0513","","-23.4475","-46.4719","Regional 4","23/02/2026","Importação PDF"
"AD Sub 1 - Pq. São Luiz","Assembleia de Deus - Ministério de Madureira","Pb. Éber Venâncio","Viela da Prainha, 56","Parque São Luiz","Guarulhos","SP","99352-6621","","-23.4776","-46.4116","Regional 4","23/02/2026","Importação PDF"
"AD Sub 2 - Cid. Soberana II","Assembleia de Deus - Ministério de Madureira","Ev. Carlos Eduardo Lopes","R. São João do Meriti, 146","Cidade Soberana","Guarulhos","SP","11 94731.3227","","-23.4061184","-46.4425136","Regional 4","23/02/2026","Importação PDF"
"AD Cidade Soberana","Assembleia de Deus - Ministério de Madureira","Pr. Marcelo Xavier dos Santos","Avenida Monte Alegre, 1006","Cidade Soberana","Guarulhos","SP","97217.9066","","-23.4009231","-46.4436165","CEP 07161-150, Regional 4","23/02/2026","Importação PDF"
"AD Bairro de Malvinas","Assembleia de Deus - Ministério de Madureira","Pr. Josias Gomes da Silva","Rua dos Eucaliptos, 78","Malvinas","Guarulhos","SP","98101.8971","","-23.4159753","-46.4796408","CEP 07145-333, Regional 4","23/02/2026","Importação PDF"
"AD Sub 2 - Jd. Cristina","Assembleia de Deus - Ministério de Madureira","Dc. Paulo Correa","Rua São Paulo de Potengi, 390","Jardim Cristina","Guarulhos","SP","11.95649.5766","pauloalvescorreia.007@gmail.com","-23.4947","-46.4199","Regional 4","23/02/2026","Importação PDF"
"AD Bairro dos Marmelos","Assembleia de Deus - Ministério de Madureira","Pr. Evilásio Francisco","Estrada do Saboó, 50","Bairro dos Marmelos","Mairiporã","SP","11.96508.2544","","-23.3298797","-46.441637","Regional 4","23/02/2026","Importação PDF"
"AD Sub 1 - Jd. Bondança","Assembleia de Deus - Ministério de Madureira","Pb. Joemilson Manoel Nascimento","Rua Mário Covas, 32","Jardim Bondança","Guarulhos","SP","9652.30796 / 2467.9443","","-23.399624","-46.4537839","Regional 4","23/02/2026","Importação PDF"
"AD Parque Santos Dumont","Assembleia de Deus - Ministério de Madureira","Pb. Luiz Carlos dos Santos","Rua Campo Redondo, 29A","Parque Stos Dumont","Guarulhos","SP","94684.9518","","-23.403798","-46.4684959","CEP 07152-300, Regional 4","23/02/2026","Importação PDF"
"AD Jardim Munira","Assembleia de Deus - Ministério de Madureira","Pr. Pedro Santiago Ribeiro","Rua Clarice Lispector, 214","Jardim Munira","Guarulhos","SP","11-94684.9518","","-23.4028851","-46.475517","CEP 07152-720, Regional 4","23/02/2026","Importação PDF"
"AD Jardim São João","Assembleia de Deus - Ministério de Madureira","Pr. Elias Freitas","Av. Mulungu, 480","Jardim São João","Guarulhos","SP","11 994027.9475","eng_eliasfreitas@hotmail.com","-23.4143526","-46.4560211","CEP 07151-380, Regional 4","23/02/2026","Importação PDF"
"AD Bairro de Inocoop","Assembleia de Deus - Ministério de Madureira","Pr. Leocelino Corrêa","Rua Carlos Drumond de Andrade, 212","Inocoop","Guarulhos","SP","99754.6775","","-23.4225994","-46.4158551","CEP 07174-015, Regional 4","23/02/2026","Importação PDF"
"AD Bairro de Lavras","Assembleia de Deus - Ministério de Madureira","Pr. José Augusto dos Santos","Av. José Brumatti, 3440","Lavras","Guarulhos","SP","97976.1216 / 4963.4078","","-23.3994039","-46.4301683","CEP 07160-170, Regional 4","23/02/2026","Importação PDF"
"AD Sub 1 - Jd. Hanna","Assembleia de Deus - Ministério de Madureira","Dc. Antonio Carlos","Rua Celso Dias Ferreira, 39","Jardim Hanna","Guarulhos","SP","96279.7625","","-23.4056076","-46.430741","Regional 4","23/02/2026","Importação PDF"
"AD Jardim Presidente Dutra","Assembleia de Deus - Ministério de Madureira","Pr. Edilson Ferreira de Souza","Rua Vitória da Conquista, 1045","Jardim Pres. Dutra","Guarulhos","SP","99971.6022","","-23.4224258","-46.4374431","CEP 07171-090, Regional 4","23/02/2026","Importação PDF"
"AD Jardim Fortaleza II","Assembleia de Deus - Ministério de Madureira","Pb. Adão Lisboa","Rua Guenther Sthall, 107","Jardim Fortaleza","Guarulhos","SP","97121.6089","","-23.4357","-46.3865","CEP 07153-140, Regional 4","23/02/2026","Importação PDF"
"AD Jardim Silvia","Assembleia de Deus - Ministério de Madureira","Pr. Sandro Pirovano","Rua Imoclair E Lazari, 26","Jardim Silvia","Guarulhos","SP","97954.5259","","-23.4802","-46.4365","Regional 3, CEP 07141-250","23/02/2026","Importação PDF"
"AD Bairro Cabuçu","Assembleia de Deus - Ministério de Madureira","Pr. José Carlos Rodrigues da Silva","Estrada do Cabuçu, 1001","Cabuçu","Guarulhos","SP","98672.4150","","-23.4238066","-46.5641426","Regional 3, CEP 07075-170","23/02/2026","Importação PDF"
"AD Bairro Recreio São Jorge I","Assembleia de Deus - Ministério de Madureira","Pb. Vagner Lima dos Santos","Rua Capitão Abner, 44","Recreio São Jorge I","Guarulhos","SP","11 99234.5153","","-23.4010246","-46.5259401","Regional 3, CEP 07144-880","23/02/2026","Importação PDF"
"AD Jardim Eliane","Assembleia de Deus - Ministério de Madureira","Pr. Manoel Vicente","Rua Alemanha, 208","Jardim Eliane","Guarulhos","SP","96763-1244","","-23.4415821","-46.4605825","Regional 3, CEP 07195-180","23/02/2026","Importação PDF"
"AD Jardim Divinolândia","Assembleia de Deus - Ministério de Madureira","Pr. Edemir Simão Carlota","R. Humberto Brochini, 253","Jardim Bela Vista","Guarulhos","SP","95608-1869","","-23.4334689","-46.5120579","Regional 3, CEP 07133-000","23/02/2026","Importação PDF"
"AD Sub 1 - Recreio São Jorge I","Assembleia de Deus - Ministério de Madureira","Pb. João de Oliveira","Rua Palmira Rossi, 516","Recreio S. Jorge I","Guarulhos","SP","94551.7107","","-23.4018419","-46.5141232","Regional 3, CEP 07144-880","23/02/2026","Importação PDF"
"AD Sub 2 - Vila Julieta","Assembleia de Deus - Ministério de Madureira","Pb. Amilton Santos","Rua B, 17","Vila Julieta","Guarulhos","SP","96336.0776","","-23.4580843","-46.4418226","Regional 3, CEP 07144-284","23/02/2026","Importação PDF"
"AD Jardim Acácio","Assembleia de Deus - Ministério de Madureira","Pr. Dalnir Guilherme","Rua Hermenegildo Orsi, 140","Bairro Jardim Acácio","Guarulhos","SP","96348.6737","","-23.4143267","-46.5112277","Regional 3, CEP 07144-130","23/02/2026","Importação PDF"
"AD Vila Fátima","Assembleia de Deus - Ministério de Madureira","Pr. Valdir Alves dos Santos","Rua Nossa Senhora de Aparecida, 390","Vila Fátima","Guarulhos","SP","97785-4177","","-23.4164908","-46.4792467","Regional 3, CEP 07191-190","23/02/2026","Importação PDF"
"AD Sub 2 - Vila União","Assembleia de Deus - Ministério de Madureira","Pb. Cícero Cristiano de Freitas","Rua Topázio, 45","Vila União","Guarulhos","SP","95282.5271","","-23.4042509","-46.4833143","Regional 3","23/02/2026","Importação PDF"
"AD Sub 1 - Jd. Marilena","Assembleia de Deus - Ministério de Madureira","Pb. Damião Vieira","R. Guaraton, 47","Jardim Marilena","Guarulhos","SP","95990.7921","","-23.423611","-46.4944263","Regional 3","23/02/2026","Importação PDF"
"AD Jardim Santa Emília","Assembleia de Deus - Ministério de Madureira","Pr. Samuel Onival","Rua Cachoeira do Itapemirim, 99","Jardim Sta Emília","Guarulhos","SP","96752-4779","","-23.4517","-46.5413","Regional 3, CEP 07134-370","23/02/2026","Importação PDF"
"AD Bairro Recreio São Jorge II","Assembleia de Deus - Ministério de Madureira","PB. Eudo Santos Rocha","Rua Samambaia, 156","Recreio São Jorge II","Guarulhos","SP","96551-2515","","-23.3988357","-46.4387169","Regional 3, CEP 07144-69","23/02/2026","Importação PDF"
"AD Vila Barros","Assembleia de Deus - Ministério de Madureira","Pr. Jose Valter Vaz Nascimento","Rua Fonte Boa, 409","Vila Barros","Guarulhos","SP","94959-2746","","-23.4468702","-46.5034125","Regional 3, CEP 07193-020","23/02/2026","Importação PDF"
"AD Parque Primavera","Assembleia de Deus - Ministério de Madureira","Ev. Marcos Roberto de Almeida","Rua Vega, 34","Parque Primavera","Guarulhos","SP","97465-7099","","-23.4048876","-46.4896155","Regional 3, CEP 07145-170","23/02/2026","Importação PDF"
"AD Jardim São Domingos","Assembleia de Deus - Ministério de Madureira","Pr. Valcinei Onival da Silva","Rua Limoeiro do Norte, 231","Jardim São Domingos","Guarulhos","SP","96262.0799","","-23.4176592","-46.4959631","Regional 3, CEP 07142-047","23/02/2026","Importação PDF"
"AD Sub 1 - Parque Mikail","Assembleia de Deus - Ministério de Madureira","Pb. Davi Lopes da Silva","R. Maria Ferreira Calçado, 208","Parque Mikail","Guarulhos","SP","962311072","","-23.4095967","-46.4982235","Regional 3","23/02/2026","Importação PDF"
"AD Vila Operária","Assembleia de Deus - Ministério de Madureira","Pb. Marcos dos Santos","Rua Vicente de Paula, 437","Vila Operária","Guarulhos","SP","11 94627-3275","","-23.4233073","-46.5440688","Regional 1, CEP 07087-010","23/02/2026","Importação PDF"
"AD Jardim Célia","Assembleia de Deus - Ministério de Madureira","Pr. Lucas Lopes","Rua Santo Eurico, 91","Jardim Célia","Guarulhos","SP","97770-1824","","-23.4309699","-46.5256203","Regional 1, CEP 07131-470","23/02/2026","Importação PDF"
"AD Jardim Leila","Assembleia de Deus - Ministério de Madureira","Pb. Fábio Batista Paz","Rua Monte das Oliveiras, 158","Jardim Leila","Guarulhos","SP","99016-2646","","-23.4098791","-46.4760607","Regional 1, CEP 07121-050","23/02/2026","Importação PDF"
"AD Vila Rio de Janeiro","Assembleia de Deus - Ministério de Madureira","Pr. Rilton Vieira","Rua São Sebastião do Alto, 51","Vila Itapoan","Guarulhos","SP","96164-8844","","-23.4290148","-46.5358236","Regional 1, CEP 07124-470","23/02/2026","Importação PDF"
"AD Madureira Vila São Rafael","Assembleia de Deus - Ministério de Madureira","Pr. Aloisio Brito","Rua Santa Catarina, 523","Cidade Brasil","Guarulhos","SP","95144-2768","","-23.4766495","-46.5540616","Regional 2, CEP 07052-190","23/02/2026","Importação PDF"
"AD Jardim do Papai","Assembleia de Deus - Ministério de Madureira","Pr. Lourenço Guarneri","R. Soldado Prim Rodrigues Cannes, 05","Jardim do Papai","Guarulhos","SP","98973-5860","","-23.4862","-46.4385","Regional 2, CEP 07051-180","23/02/2026","Importação PDF"
"AD Jardim Palmira","Assembleia de Deus - Ministério de Madureira","Pr. Alexandre Jose","Rua Laura Jacques Garcia, 288","Jardim Palmira","Guarulhos","SP","99501-6598","","-23.4334775","-46.5600665","Regional 2, CEP 07075-030","23/02/2026","Importação PDF"
"AD Bairro Picanço","Assembleia de Deus - Ministério de Madureira","Pr. João Barbosa Souza Filho","Av. Dr. Timóteo Penteado, 2527","Picanço","Guarulhos","SP","96113-3678","","-23.4538042","-46.5410195","Regional 2, CEP 07061-000","23/02/2026","Importação PDF"
"AD Sub 1 - Vila Itapegica","Assembleia de Deus - Ministério de Madureira","Dc. Célio Roberto","Rua Endres, 84","Vila Itapegica","Guarulhos","SP","98165-5722","","-23.4859379","-46.5522893","Regional 2, CEP 07043-000","23/02/2026","Importação PDF"
"AD Jardim Flor da Montanha","Assembleia de Deus - Ministério de Madureira","Pr. Paulo Campos","Rua Abatá, 12","Jardim Flor da Montanha","Guarulhos","SP","97424-2592","","-23.4447828","-46.5387423","Regional 1, CEP 07097-340","23/02/2026","Importação PDF"
"AD Jardim Paulista","Assembleia de Deus - Ministério de Madureira","Pr. Marcos Antonio da Costa","Rua Horácio Manoel Vieira, 238","Jardim Paulista","Guarulhos","SP","99581-5207","","-23.4359667","-46.5512759","Regional 2, CEP 07083-200","23/02/2026","Importação PDF"
"AD Parque Continental II","Assembleia de Deus - Ministério de Madureira","Pr. Nemias de Oliveira","Rua Maria Dias Hog, 305","Parque Continental II","Guarulhos","SP","95361-4014","","-23.4272499","-46.5567737","Regional 2, CEP 07085-035","23/02/2026","Importação PDF"
"AD Vila Galvão","Assembleia de Deus - Ministério de Madureira","Ev. Edemilton Souza","Av. Dr. Timóteo Penteado, 4870","Vila Galvão","Guarulhos","SP","96323-2184","","-23.4610475","-46.5673884","Regional 2, CEP 07061-999","23/02/2026","Importação PDF"
"AD Jardim Munhoz","Assembleia de Deus - Ministério de Madureira","Pr. André Terribile","Rua Profº José Munhoz, 800","Jardim Munhoz","Guarulhos","SP","96340-3845","","-23.4422","-46.5215","Regional 2, CEP 07033-000","23/02/2026","Importação PDF"
"AD Jardim Vila Galvão","Assembleia de Deus - Ministério de Madureira","Pb. Bruno dos Santos Vieira","Rua Alvarenga Peixoto, 410","Jardim Vila Galvão","Guarulhos","SP","98934-3199","","-23.470892","-46.558993","Regional 2, CEP 07055-260-190","23/02/2026","Importação PDF"
"AD Vila Sabatina","Assembleia de Deus - Ministério de Madureira","Pr. Sérgio Leduíno","Rua Pedro de Souza Lopes, 983","Vila Galvão","Guarulhos","SP","94776-0242","","-23.4523388","-46.5620076","Regional 2, CEP 07074-000","23/02/2026","Importação PDF"
"AD Sub 3 - Vale dos Machados","Assembleia de Deus - Ministério de Madureira","Pr. Joaquim Siqueira","R. Elísio Laureano Ferreira, 102","Vale dos Machados","Guarulhos","SP","94598-1823","","-23.364444","-46.405556","Regional 1","23/02/2026","Importação PDF"
"AD Sub 2 - Jd. Maia","Assembleia de Deus - Ministério de Madureira","Pb. Francisco Candido","Rua Alexandre de Oliveira Calmom, 280","Vl Lanzara","Guarulhos","SP","97973-0848","","-23.4629559","-46.5300784","Regional 1, CEP 07115-020","23/02/2026","Importação PDF"
"AD Vila Augusta","Assembleia de Deus - Ministério de Madureira","Pb. Jonatas Ferreira da Silva","Rua Mogi das Cruzes, 173","Gopouva","Guarulhos","SP","98024-7189","","-23.4718105","-46.5441721","Regional 2, CEP 07022-010","23/02/2026","Importação PDF"
"AD Jardim Jovaia","Assembleia de Deus - Ministério de Madureira","Pr. Edson Marcos da Silva","Rua Gravatal, 42","Jardim Jovaia","Guarulhos","SP","94820-9420","","-23.434101","-46.5192771","Regional 1, CEP 07132-160","23/02/2026","Importação PDF"
"AD Sub 1 - Pq. Continental IV","Assembleia de Deus - Ministério de Madureira","Pb. Moises Nascimento","Rua Nicolau Falci, 22","Parque Continental 4","Guarulhos","SP","99459-2921","nascimento49@live.com","-23.4229348","-46.5301179","Regional 1","23/02/2026","Importação PDF"
"AD Jardim Sítio dos Morros","Assembleia de Deus - Ministério de Madureira","Ev. Yuri dos Santos Serafim","Rua Conceição dos Ouros, 131","Jardim Sítio dos Morros","Guarulhos","SP","96445-6431","","-23.41832","-46.522531","Regional 1, CEP 07135-203","23/02/2026","Importação PDF"
"AD Jardim São Paulo","Assembleia de Deus - Ministério de Madureira","Pr. Roberto Rodrigues","Rua Taguaí, 92","Jardim São Paulo","Guarulhos","SP","95715-1072","","-23.438593","-46.5295915","Regional 1, CEP 07131-040","23/02/2026","Importação PDF"
"AD Sub 1 - Jd. Cristian Alice","Assembleia de Deus - Ministério de Madureira","Pb. Alex Nunes dos Santos","Rua São Carlos do Ivai, 102","Jardim Cristian Alice","Guarulhos","SP","99678-7403","","-23.4789","-46.4883","Regional 1","23/02/2026","Importação PDF"
"AD Sub 1 - Pq. Continental 3","Assembleia de Deus - Ministério de Madureira","Pb. Antonio Jose Alvarenga","Rua Cento e Vinte, 243","Parque Continental III","Guarulhos","SP","","","-23.4212682","-46.5576232","Regional 2","23/02/2026","Importação PDF"
"AD Jardim Leda","Assembleia de Deus - Ministério de Madureira","Pr. Felipe Guedes Teixeira","Rua Vicenza d’Agostinho, 214","Jardim Leda","Guarulhos","SP","95047-5553 / 2422-7221","","-23.4586273","-46.5448291","Regional 2, CEP 07060-033","23/02/2026","Importação PDF"
"AD Vila Industrial","Assembleia de Deus - Ministério de Madureira","Pr. Davi Vasconcelos Lopes","Rua Vicente Paiva, 416","Vila Industrial","Guarulhos","SP","99260-5598","dvltransportes@hotmail.com","-23.4487758","-46.52814","Regional 1, CEP 07123-050","23/02/2026","Importação PDF"
"AD Parque Santo Antonio","Assembleia de Deus - Ministério de Madureira","Pr. Paulo Roberto Barbosa","Rua Vasco Brancaleoni, 318","Parque Marabá","Guarulhos","SP","99404-5198","","-23.4988","-46.4172","Regional 2, CEP 07050-310","23/02/2026","Importação PDF"
"AD Jardim Cocaia","Assembleia de Deus - Ministério de Madureira","Ev. Josué Melo Coelho","Rua Faustino Siqueira Franco, 89","Vila Maricy","Guarulhos","SP","2246-1688 / 91336-7285","","-23.4411308","-46.5161202","Regional 1, CEP 07130-190","23/02/2026","Importação PDF"